{
	"credit": "By Limonchik_",
	"textures": {
		"0": "block/board",
		"particle": "block/board"
	},
	"elements": [
		{
			"from": [4, 0, 5],
			"to": [5.5, 1.5, 11],
			"rotation": {"angle": 22.5, "axis": "y", "origin": [8, 8, 8]},
			"faces": {
				"north": {"uv": [10, 7, 10.5, 7.5], "texture": "#0"},
				"east": {"uv": [7, 7, 10, 7.5], "texture": "#0"},
				"south": {"uv": [13.5, 7, 14, 7.5], "texture": "#0"},
				"west": {"uv": [10.5, 7, 13.5, 7.5], "texture": "#0"},
				"up": {"uv": [10.5, 7, 10, 4], "texture": "#0"},
				"down": {"uv": [11, 4, 10.5, 7], "texture": "#0"}
			}
		},
		{
			"from": [9, 1.5, 5],
			"to": [13, 2, 11],
			"faces": {
				"north": {"uv": [3, 10, 5, 10.5], "texture": "#0"},
				"east": {"uv": [0, 10, 3, 10.5], "texture": "#0"},
				"south": {"uv": [8, 10, 10, 10.5], "texture": "#0"},
				"west": {"uv": [5, 10, 8, 10.5], "texture": "#0"},
				"up": {"uv": [5, 10, 3, 7], "texture": "#0"},
				"down": {"uv": [7, 7, 5, 10], "texture": "#0"}
			}
		},
		{
			"from": [9, 1, 5],
			"to": [13, 1.5, 11],
			"faces": {
				"north": {"uv": [3, 6.5, 5, 7], "texture": "#0"},
				"east": {"uv": [0, 6.5, 3, 7], "texture": "#0"},
				"south": {"uv": [8, 6.5, 10, 7], "texture": "#0"},
				"west": {"uv": [5, 6.5, 8, 7], "texture": "#0"},
				"up": {"uv": [5, 6.5, 3, 3.5], "texture": "#0"},
				"down": {"uv": [7, 3.5, 5, 6.5], "texture": "#0"}
			}
		},
		{
			"from": [9.5, 0.5, 5],
			"to": [12.5, 1, 11],
			"faces": {
				"north": {"uv": [10, 3.5, 11.5, 4], "texture": "#0"},
				"east": {"uv": [7, 3.5, 10, 4], "texture": "#0"},
				"south": {"uv": [14.5, 3.5, 16, 4], "texture": "#0"},
				"west": {"uv": [11.5, 3.5, 14.5, 4], "texture": "#0"},
				"up": {"uv": [11.5, 3.5, 10, 0.5], "texture": "#0"},
				"down": {"uv": [13, 0.5, 11.5, 3.5], "texture": "#0"}
			}
		},
		{
			"from": [9, 0, 5],
			"to": [13, 0.5, 11],
			"faces": {
				"north": {"uv": [3, 3, 5, 3.5], "texture": "#0"},
				"east": {"uv": [0, 3, 3, 3.5], "texture": "#0"},
				"south": {"uv": [8, 3, 10, 3.5], "texture": "#0"},
				"west": {"uv": [5, 3, 8, 3.5], "texture": "#0"},
				"up": {"uv": [5, 3, 3, 0], "texture": "#0"},
				"down": {"uv": [7, 0, 5, 3], "texture": "#0"}
			}
		}
	],
	"groups": [0,
		{
			"name": "group",
			"origin": [8, 8, 8],
			"children": [1, 2, 3, 4]
		}
	]
}