{
	"credit": "By Limonchik_",
	"textures": {
		"0": "block/dark_oak_planks",
		"particle": "block/dark_oak_planks"
	},
	"elements": [
		{
			"from": [12, -0.5, -0.5],
			"to": [16, 0.5, 15.5],
			"rotation": {"angle": -22.5, "axis": "y", "origin": [8, 7.5, 8]},
			"faces": {
				"north": {"uv": [0, 0, 1, 4], "rotation": 270, "texture": "#0"},
				"east": {"uv": [0, 0, 16, 1], "texture": "#0"},
				"south": {"uv": [15, 0, 16, 4], "rotation": 90, "texture": "#0"},
				"west": {"uv": [0, 3, 16, 3.5], "texture": "#0"},
				"up": {"uv": [0, 0, 16, 4], "rotation": 90, "texture": "#0"},
				"down": {"uv": [16, 0, 0, 4], "rotation": 90, "texture": "#0"}
			}
		},
		{
			"from": [0.5, -0.5, 1],
			"to": [16.5, 0.5, 5],
			"rotation": {"angle": 22.5, "axis": "y", "origin": [8, 7.5, 8]},
			"faces": {
				"north": {"uv": [0, 3, 16, 3.5], "texture": "#0"},
				"east": {"uv": [0, 0, 1, 4], "rotation": 270, "texture": "#0"},
				"south": {"uv": [0, 0, 16, 1], "texture": "#0"},
				"west": {"uv": [15, 0, 16, 4], "rotation": 90, "texture": "#0"},
				"up": {"uv": [0, 0, 16, 4], "rotation": 180, "texture": "#0"},
				"down": {"uv": [16, 0, 0, 4], "texture": "#0"}
			}
		}
	],
	"display": {
		"thirdperson_righthand": {
			"rotation": [0, 90, 90],
			"translation": [0, 3.5, 0]
		},
		"thirdperson_lefthand": {
			"rotation": [0, 90, 90],
			"translation": [0, 3.5, 0]
		},
		"firstperson_righthand": {
			"rotation": [0, 90, 90],
			"translation": [0, 3.5, 0]
		},
		"firstperson_lefthand": {
			"rotation": [0, 90, 90],
			"translation": [0, 3.5, 0]
		},
		"head": {
			"rotation": [0, 90, 90],
			"translation": [0, 3.5, 0]
		},
		"fixed": {
			"rotation": [0, 90, 90],
			"translation": [0, 0, 1],
			"scale": [1.88, 1.88, 1.88]
		}
	}
}