{
	"credit": "By Limonchik_",
	"textures": {
		"1": "block/fluid",
		"5_0": "block/equipment1",
		"particle": "block/equipment1",
		"5_1": "block/equipment3"
	},
	"elements": [
		{
			"from": [9, 1, 1.5],
			"to": [11, 7, 3.5],
			"rotation": {"angle": -22.5, "axis": "y", "origin": [8, 8, 8]},
			"faces": {
				"north": {"uv": [0, 2, 2, 8], "texture": "#1"},
				"east": {"uv": [6, 2, 8, 8], "texture": "#1"},
				"south": {"uv": [4, 2, 6, 8], "texture": "#1"},
				"west": {"uv": [2, 2, 4, 8], "texture": "#1"},
				"up": {"uv": [4, 2, 2, 0], "rotation": 270, "texture": "#1"},
				"down": {"uv": [6, 0, 4, 2], "rotation": 90, "texture": "#1"}
			}
		},
		{
			"from": [7, 1, 5],
			"to": [8, 2, 6],
			"rotation": {"angle": 22.5, "axis": "y", "origin": [8, 5, 8]},
			"faces": {
				"north": {"uv": [5.5, 6, 6, 6.5], "texture": "#5_1"},
				"east": {"uv": [5, 6, 5.5, 6.5], "texture": "#5_1"},
				"south": {"uv": [6.5, 6, 7, 6.5], "texture": "#5_1"},
				"west": {"uv": [6, 6, 6.5, 6.5], "texture": "#5_1"},
				"up": {"uv": [6, 6, 5.5, 5.5], "texture": "#5_1"},
				"down": {"uv": [6.5, 5.5, 6, 6], "texture": "#5_1"}
			}
		},
		{
			"from": [8, 1, 5],
			"to": [9, 2, 7],
			"rotation": {"angle": 22.5, "axis": "y", "origin": [8, 5, 8]},
			"faces": {
				"north": {"uv": [10, 4, 10.5, 4.5], "texture": "#5_1"},
				"east": {"uv": [9, 4, 10, 4.5], "texture": "#5_1"},
				"south": {"uv": [11.5, 4, 12, 4.5], "texture": "#5_1"},
				"west": {"uv": [10.5, 4, 11.5, 4.5], "texture": "#5_1"},
				"up": {"uv": [10.5, 4, 10, 3], "texture": "#5_1"},
				"down": {"uv": [11, 3, 10.5, 4], "texture": "#5_1"}
			}
		},
		{
			"from": [9, 1, 7],
			"to": [10, 2, 11],
			"rotation": {"angle": 22.5, "axis": "y", "origin": [8, 5, 8]},
			"faces": {
				"north": {"uv": [7, 7.5, 7.5, 8], "texture": "#5_1"},
				"east": {"uv": [5, 7.5, 7, 8], "texture": "#5_1"},
				"south": {"uv": [9.5, 7.5, 10, 8], "texture": "#5_1"},
				"west": {"uv": [7.5, 7.5, 9.5, 8], "texture": "#5_1"},
				"up": {"uv": [7.5, 7.5, 7, 5.5], "texture": "#5_1"},
				"down": {"uv": [8, 5.5, 7.5, 7.5], "texture": "#5_1"}
			}
		},
		{
			"from": [8, 1, 11],
			"to": [9, 2, 13],
			"rotation": {"angle": 22.5, "axis": "y", "origin": [8, 5, 8]},
			"faces": {
				"north": {"uv": [10, 10, 10.5, 10.5], "texture": "#5_1"},
				"east": {"uv": [9, 10, 10, 10.5], "texture": "#5_1"},
				"south": {"uv": [11.5, 10, 12, 10.5], "texture": "#5_1"},
				"west": {"uv": [10.5, 10, 11.5, 10.5], "texture": "#5_1"},
				"up": {"uv": [10.5, 10, 10, 9], "texture": "#5_1"},
				"down": {"uv": [11, 9, 10.5, 10], "texture": "#5_1"}
			}
		},
		{
			"from": [7, 1, 12],
			"to": [8, 2, 13],
			"rotation": {"angle": 22.5, "axis": "y", "origin": [8, 5, 8]},
			"faces": {
				"north": {"uv": [0.5, 6, 1, 6.5], "texture": "#5_1"},
				"east": {"uv": [0, 6, 0.5, 6.5], "texture": "#5_1"},
				"south": {"uv": [1.5, 6, 2, 6.5], "texture": "#5_1"},
				"west": {"uv": [1, 6, 1.5, 6.5], "texture": "#5_1"},
				"up": {"uv": [1, 6, 0.5, 5.5], "texture": "#5_1"},
				"down": {"uv": [1.5, 5.5, 1, 6], "texture": "#5_1"}
			}
		},
		{
			"from": [3, 0, 13],
			"to": [7, 2, 14],
			"rotation": {"angle": 22.5, "axis": "y", "origin": [8, 5, 8]},
			"faces": {
				"north": {"uv": [5.5, 8.5, 7.5, 9.5], "texture": "#5_1"},
				"east": {"uv": [5, 8.5, 5.5, 9.5], "texture": "#5_1"},
				"south": {"uv": [8, 8.5, 10, 9.5], "texture": "#5_1"},
				"west": {"uv": [7.5, 8.5, 8, 9.5], "texture": "#5_1"},
				"up": {"uv": [7.5, 8.5, 5.5, 8], "texture": "#5_1"},
				"down": {"uv": [9.5, 8, 7.5, 8.5], "texture": "#5_1"}
			}
		},
		{
			"from": [1, 1, 11],
			"to": [2, 2, 13],
			"rotation": {"angle": 22.5, "axis": "y", "origin": [8, 5, 8]},
			"faces": {
				"north": {"uv": [9, 6.5, 9.5, 7], "texture": "#5_1"},
				"east": {"uv": [8, 6.5, 9, 7], "texture": "#5_1"},
				"south": {"uv": [10.5, 6.5, 11, 7], "texture": "#5_1"},
				"west": {"uv": [9.5, 6.5, 10.5, 7], "texture": "#5_1"},
				"up": {"uv": [9.5, 6.5, 9, 5.5], "texture": "#5_1"},
				"down": {"uv": [10, 5.5, 9.5, 6.5], "texture": "#5_1"}
			}
		},
		{
			"from": [2, 1, 12],
			"to": [3, 2, 13],
			"rotation": {"angle": 22.5, "axis": "y", "origin": [8, 5, 8]},
			"faces": {
				"north": {"uv": [0.5, 1.5, 1, 2], "texture": "#5_1"},
				"east": {"uv": [0, 1.5, 0.5, 2], "texture": "#5_1"},
				"south": {"uv": [1.5, 1.5, 2, 2], "texture": "#5_1"},
				"west": {"uv": [1, 1.5, 1.5, 2], "texture": "#5_1"},
				"up": {"uv": [1, 1.5, 0.5, 1], "texture": "#5_1"},
				"down": {"uv": [1.5, 1, 1, 1.5], "texture": "#5_1"}
			}
		},
		{
			"from": [0, 1, 7],
			"to": [1, 2, 11],
			"rotation": {"angle": 22.5, "axis": "y", "origin": [8, 5, 8]},
			"faces": {
				"north": {"uv": [2, 7.5, 2.5, 8], "texture": "#5_1"},
				"east": {"uv": [0, 7.5, 2, 8], "texture": "#5_1"},
				"south": {"uv": [4.5, 7.5, 5, 8], "texture": "#5_1"},
				"west": {"uv": [2.5, 7.5, 4.5, 8], "texture": "#5_1"},
				"up": {"uv": [2.5, 7.5, 2, 5.5], "texture": "#5_1"},
				"down": {"uv": [3, 5.5, 2.5, 7.5], "texture": "#5_1"}
			}
		},
		{
			"from": [1, 1, 5],
			"to": [2, 2, 7],
			"rotation": {"angle": 22.5, "axis": "y", "origin": [8, 5, 8]},
			"faces": {
				"north": {"uv": [4, 6.5, 4.5, 7], "texture": "#5_1"},
				"east": {"uv": [3, 6.5, 4, 7], "texture": "#5_1"},
				"south": {"uv": [5.5, 6.5, 6, 7], "texture": "#5_1"},
				"west": {"uv": [4.5, 6.5, 5.5, 7], "texture": "#5_1"},
				"up": {"uv": [4.5, 6.5, 4, 5.5], "texture": "#5_1"},
				"down": {"uv": [5, 5.5, 4.5, 6.5], "texture": "#5_1"}
			}
		},
		{
			"from": [2, 1, 5],
			"to": [3, 2, 6],
			"rotation": {"angle": 22.5, "axis": "y", "origin": [8, 5, 8]},
			"faces": {
				"north": {"uv": [0.5, 0.5, 1, 1], "texture": "#5_1"},
				"east": {"uv": [0, 0.5, 0.5, 1], "texture": "#5_1"},
				"south": {"uv": [1.5, 0.5, 2, 1], "texture": "#5_1"},
				"west": {"uv": [1, 0.5, 1.5, 1], "texture": "#5_1"},
				"up": {"uv": [1, 0.5, 0.5, 0], "texture": "#5_1"},
				"down": {"uv": [1.5, 0, 1, 0.5], "texture": "#5_1"}
			}
		},
		{
			"from": [3, 0, 4],
			"to": [7, 2, 5],
			"rotation": {"angle": 22.5, "axis": "y", "origin": [8, 5, 8]},
			"faces": {
				"north": {"uv": [0.5, 8.5, 2.5, 9.5], "texture": "#5_1"},
				"east": {"uv": [0, 8.5, 0.5, 9.5], "texture": "#5_1"},
				"south": {"uv": [3, 8.5, 5, 9.5], "texture": "#5_1"},
				"west": {"uv": [2.5, 8.5, 3, 9.5], "texture": "#5_1"},
				"up": {"uv": [2.5, 8.5, 0.5, 8], "texture": "#5_1"},
				"down": {"uv": [4.5, 8, 2.5, 8.5], "texture": "#5_1"}
			}
		},
		{
			"from": [1, 0, 5],
			"to": [9, 1, 7],
			"rotation": {"angle": 22.5, "axis": "y", "origin": [8, 5, 8]},
			"faces": {
				"north": {"uv": [1, 5, 5, 5.5], "texture": "#5_1"},
				"east": {"uv": [0, 5, 1, 5.5], "texture": "#5_1"},
				"south": {"uv": [6, 5, 10, 5.5], "texture": "#5_1"},
				"west": {"uv": [5, 5, 6, 5.5], "texture": "#5_1"},
				"up": {"uv": [5, 5, 1, 4], "texture": "#5_1"},
				"down": {"uv": [9, 4, 5, 5], "texture": "#5_1"}
			}
		},
		{
			"from": [1, 0, 11],
			"to": [9, 1, 13],
			"rotation": {"angle": 22.5, "axis": "y", "origin": [8, 5, 8]},
			"faces": {
				"north": {"uv": [1, 3.5, 5, 4], "texture": "#5_1"},
				"east": {"uv": [0, 3.5, 1, 4], "texture": "#5_1"},
				"south": {"uv": [6, 3.5, 10, 4], "texture": "#5_1"},
				"west": {"uv": [5, 3.5, 6, 4], "texture": "#5_1"},
				"up": {"uv": [5, 3.5, 1, 2.5], "texture": "#5_1"},
				"down": {"uv": [9, 2.5, 5, 3.5], "texture": "#5_1"}
			}
		},
		{
			"from": [0, 0, 7],
			"to": [10, 1, 11],
			"rotation": {"angle": 22.5, "axis": "y", "origin": [8, 5, 8]},
			"faces": {
				"north": {"uv": [2, 2, 7, 2.5], "texture": "#5_1"},
				"east": {"uv": [0, 2, 2, 2.5], "texture": "#5_1"},
				"south": {"uv": [9, 2, 14, 2.5], "texture": "#5_1"},
				"west": {"uv": [7, 2, 9, 2.5], "texture": "#5_1"},
				"up": {"uv": [7, 2, 2, 0], "texture": "#5_1"},
				"down": {"uv": [12, 0, 7, 2], "texture": "#5_1"}
			}
		},
		{
			"from": [7, 0, 0.5],
			"to": [13, 1, 4.5],
			"rotation": {"angle": -22.5, "axis": "y", "origin": [8, 8, 8]},
			"faces": {
				"north": {"uv": [1.33333, 1.33333, 3.33333, 1.66667], "texture": "#5_0"},
				"east": {"uv": [0, 1.33333, 1.33333, 1.66667], "texture": "#5_0"},
				"south": {"uv": [4.66667, 1.33333, 6.66667, 1.66667], "texture": "#5_0"},
				"west": {"uv": [3.33333, 1.33333, 4.66667, 1.66667], "texture": "#5_0"},
				"up": {"uv": [3.33333, 1.33333, 1.33333, 0], "texture": "#5_0"},
				"down": {"uv": [5.33333, 0, 3.33333, 1.33333], "texture": "#5_0"}
			}
		},
		{
			"from": [8, 0, 4.5],
			"to": [12, 1, 5.5],
			"rotation": {"angle": -22.5, "axis": "y", "origin": [8, 8, 8]},
			"faces": {
				"north": {"uv": [3.66667, 2, 5, 2.33333], "texture": "#5_0"},
				"east": {"uv": [3.33333, 2, 3.66667, 2.33333], "texture": "#5_0"},
				"south": {"uv": [5.33333, 2, 6.66667, 2.33333], "texture": "#5_0"},
				"west": {"uv": [5, 2, 5.33333, 2.33333], "texture": "#5_0"},
				"up": {"uv": [5, 2, 3.66667, 1.66667], "texture": "#5_0"},
				"down": {"uv": [6.33333, 1.66667, 5, 2], "texture": "#5_0"}
			}
		},
		{
			"from": [8, 0, -0.5],
			"to": [12, 1, 0.5],
			"rotation": {"angle": -22.5, "axis": "y", "origin": [8, 8, 8]},
			"faces": {
				"north": {"uv": [4.33333, 2.66667, 5.66667, 3], "texture": "#5_0"},
				"east": {"uv": [4, 2.66667, 4.33333, 3], "texture": "#5_0"},
				"south": {"uv": [6, 2.66667, 7.33333, 3], "texture": "#5_0"},
				"west": {"uv": [5.66667, 2.66667, 6, 3], "texture": "#5_0"},
				"up": {"uv": [5.66667, 2.66667, 4.33333, 2.33333], "texture": "#5_0"},
				"down": {"uv": [7, 2.33333, 5.66667, 2.66667], "texture": "#5_0"}
			}
		},
		{
			"from": [9, 1, 0.5],
			"to": [11, 15, 1.5],
			"rotation": {"angle": -22.5, "axis": "y", "origin": [8, 8, 8]},
			"faces": {
				"north": {"uv": [4.33333, 4.33333, 5, 9], "texture": "#5_0"},
				"east": {"uv": [4, 4.33333, 4.33333, 9], "texture": "#5_0"},
				"south": {"uv": [5.33333, 4.33333, 6, 9], "texture": "#5_0"},
				"west": {"uv": [5, 4.33333, 5.33333, 9], "texture": "#5_0"},
				"up": {"uv": [5, 4.33333, 4.33333, 4], "texture": "#5_0"},
				"down": {"uv": [5.66667, 4, 5, 4.33333], "texture": "#5_0"}
			}
		},
		{
			"from": [11, 1, 1.5],
			"to": [12, 15, 3.5],
			"rotation": {"angle": -22.5, "axis": "y", "origin": [8, 8, 8]},
			"faces": {
				"north": {"uv": [0.66667, 2.33333, 1, 7], "texture": "#5_0"},
				"east": {"uv": [0, 2.33333, 0.66667, 7], "texture": "#5_0"},
				"south": {"uv": [1.66667, 2.33333, 2, 7], "texture": "#5_0"},
				"west": {"uv": [1, 2.33333, 1.66667, 7], "texture": "#5_0"},
				"up": {"uv": [1, 2.33333, 0.66667, 1.66667], "texture": "#5_0"},
				"down": {"uv": [1.33333, 1.66667, 1, 2.33333], "texture": "#5_0"}
			}
		},
		{
			"from": [9, 1, 3.5],
			"to": [11, 15, 4.5],
			"rotation": {"angle": -22.5, "axis": "y", "origin": [8, 8, 8]},
			"faces": {
				"north": {"uv": [6.33333, 6.33333, 7, 11], "texture": "#5_0"},
				"east": {"uv": [6, 6.33333, 6.33333, 11], "texture": "#5_0"},
				"south": {"uv": [7.33333, 6.33333, 8, 11], "texture": "#5_0"},
				"west": {"uv": [7, 6.33333, 7.33333, 11], "texture": "#5_0"},
				"up": {"uv": [7, 6.33333, 6.33333, 6], "texture": "#5_0"},
				"down": {"uv": [7.66667, 6, 7, 6.33333], "texture": "#5_0"}
			}
		},
		{
			"from": [8, 1, 1.5],
			"to": [9, 15, 3.5],
			"rotation": {"angle": -22.5, "axis": "y", "origin": [8, 8, 8]},
			"faces": {
				"north": {"uv": [2.66667, 2.66667, 3, 7.33333], "texture": "#5_0"},
				"east": {"uv": [2, 2.66667, 2.66667, 7.33333], "texture": "#5_0"},
				"south": {"uv": [3.66667, 2.66667, 4, 7.33333], "texture": "#5_0"},
				"west": {"uv": [3, 2.66667, 3.66667, 7.33333], "texture": "#5_0"},
				"up": {"uv": [3, 2.66667, 2.66667, 2], "texture": "#5_0"},
				"down": {"uv": [3.33333, 2, 3, 2.66667], "texture": "#5_0"}
			}
		}
	],
	"groups": [0,
		{
			"name": "lab_equipment1",
			"origin": [8, 8, 8],
			"children": [
				{
					"name": "group",
					"origin": [8, 8, 8],
					"children": [1, 2, 3, 4, 5, 6, 7, 8, 9, 10, 11, 12, 13, 14, 15]
				},
				{
					"name": "equipment1",
					"origin": [8, 8, 8],
					"children": [16, 17, 18, 19, 20, 21, 22]
				}
			]
		}
	]
}