{
	"credit": "By Limonchik_",
	"textures": {
		"0": "block/equipment1",
		"1": "block/fluid",
		"2_0": "block/equipment2",
		"particle": "block/equipment2"
	},
	"elements": [
		{
			"from": [11.04955, 1, 12.29191],
			"to": [13.04955, 10, 14.29191],
			"rotation": {"angle": -22.5, "axis": "y", "origin": [15.54955, 13, 13.29191]},
			"faces": {
				"north": {"uv": [10, 2, 12, 11], "texture": "#1"},
				"east": {"uv": [8, 2, 10, 11], "texture": "#1"},
				"south": {"uv": [14, 2, 16, 11], "texture": "#1"},
				"west": {"uv": [12, 2, 14, 11], "texture": "#1"},
				"up": {"uv": [12, 2, 10, 0], "texture": "#1"},
				"down": {"uv": [14, 0, 12, 2], "texture": "#1"}
			}
		},
		{
			"from": [11.5, 0, 7],
			"to": [15.5, 1, 13],
			"rotation": {"angle": -22.5, "axis": "y", "origin": [8, 8, 8]},
			"faces": {
				"north": {"uv": [3.33333, 1.33333, 4.66667, 1.66667], "texture": "#0"},
				"east": {"uv": [1.33333, 1.33333, 3.33333, 1.66667], "texture": "#0"},
				"south": {"uv": [0, 1.33333, 1.33333, 1.66667], "texture": "#0"},
				"west": {"uv": [4.66667, 1.33333, 6.66667, 1.66667], "texture": "#0"},
				"up": {"uv": [3.33333, 1.33333, 1.33333, 0], "rotation": 90, "texture": "#0"},
				"down": {"uv": [5.33333, 0, 3.33333, 1.33333], "rotation": 270, "texture": "#0"}
			}
		},
		{
			"from": [10.5, 0, 8],
			"to": [11.5, 1, 12],
			"rotation": {"angle": -22.5, "axis": "y", "origin": [8, 8, 8]},
			"faces": {
				"north": {"uv": [5, 2, 5.33333, 2.33333], "texture": "#0"},
				"east": {"uv": [3.66667, 2, 5, 2.33333], "texture": "#0"},
				"south": {"uv": [3.33333, 2, 3.66667, 2.33333], "texture": "#0"},
				"west": {"uv": [5.33333, 2, 6.66667, 2.33333], "texture": "#0"},
				"up": {"uv": [5, 2, 3.66667, 1.66667], "rotation": 90, "texture": "#0"},
				"down": {"uv": [6.33333, 1.66667, 5, 2], "rotation": 270, "texture": "#0"}
			}
		},
		{
			"from": [15.5, 0, 8],
			"to": [16.5, 1, 12],
			"rotation": {"angle": -22.5, "axis": "y", "origin": [8, 8, 8]},
			"faces": {
				"north": {"uv": [5.66667, 2.66667, 6, 3], "texture": "#0"},
				"east": {"uv": [4.33333, 2.66667, 5.66667, 3], "texture": "#0"},
				"south": {"uv": [4, 2.66667, 4.33333, 3], "texture": "#0"},
				"west": {"uv": [6, 2.66667, 7.33333, 3], "texture": "#0"},
				"up": {"uv": [5.66667, 2.66667, 4.33333, 2.33333], "rotation": 90, "texture": "#0"},
				"down": {"uv": [7, 2.33333, 5.66667, 2.66667], "rotation": 270, "texture": "#0"}
			}
		},
		{
			"from": [14.5, 1, 9],
			"to": [15.5, 15, 11],
			"rotation": {"angle": -22.5, "axis": "y", "origin": [8, 8, 8]},
			"faces": {
				"north": {"uv": [5, 4.33333, 5.33333, 9], "texture": "#0"},
				"east": {"uv": [4.33333, 4.33333, 5, 9], "texture": "#0"},
				"south": {"uv": [4, 4.33333, 4.33333, 9], "texture": "#0"},
				"west": {"uv": [5.33333, 4.33333, 6, 9], "texture": "#0"},
				"up": {"uv": [5, 4.33333, 4.33333, 4], "rotation": 90, "texture": "#0"},
				"down": {"uv": [5.66667, 4, 5, 4.33333], "rotation": 270, "texture": "#0"}
			}
		},
		{
			"from": [12.5, 1, 11],
			"to": [14.5, 15, 12],
			"rotation": {"angle": -22.5, "axis": "y", "origin": [8, 8, 8]},
			"faces": {
				"north": {"uv": [1, 2.33333, 1.66667, 7], "texture": "#0"},
				"east": {"uv": [0.66667, 2.33333, 1, 7], "texture": "#0"},
				"south": {"uv": [0, 2.33333, 0.66667, 7], "texture": "#0"},
				"west": {"uv": [1.66667, 2.33333, 2, 7], "texture": "#0"},
				"up": {"uv": [1, 2.33333, 0.66667, 1.66667], "rotation": 90, "texture": "#0"},
				"down": {"uv": [1.33333, 1.66667, 1, 2.33333], "rotation": 270, "texture": "#0"}
			}
		},
		{
			"from": [11.5, 1, 9],
			"to": [12.5, 15, 11],
			"rotation": {"angle": -22.5, "axis": "y", "origin": [8, 8, 8]},
			"faces": {
				"north": {"uv": [7, 6.33333, 7.33333, 11], "texture": "#0"},
				"east": {"uv": [6.33333, 6.33333, 7, 11], "texture": "#0"},
				"south": {"uv": [6, 6.33333, 6.33333, 11], "texture": "#0"},
				"west": {"uv": [7.33333, 6.33333, 8, 11], "texture": "#0"},
				"up": {"uv": [7, 6.33333, 6.33333, 6], "rotation": 90, "texture": "#0"},
				"down": {"uv": [7.66667, 6, 7, 6.33333], "rotation": 270, "texture": "#0"}
			}
		},
		{
			"from": [12.5, 1, 8],
			"to": [14.5, 15, 9],
			"rotation": {"angle": -22.5, "axis": "y", "origin": [8, 8, 8]},
			"faces": {
				"north": {"uv": [3, 2.66667, 3.66667, 7.33333], "texture": "#0"},
				"east": {"uv": [2.66667, 2.66667, 3, 7.33333], "texture": "#0"},
				"south": {"uv": [2, 2.66667, 2.66667, 7.33333], "texture": "#0"},
				"west": {"uv": [3.66667, 2.66667, 4, 7.33333], "texture": "#0"},
				"up": {"uv": [3, 2.66667, 2.66667, 2], "rotation": 90, "texture": "#0"},
				"down": {"uv": [3.33333, 2, 3, 2.66667], "rotation": 270, "texture": "#0"}
			}
		},
		{
			"from": [5, 8, 4],
			"to": [6, 14, 6],
			"rotation": {"angle": 45, "axis": "y", "origin": [8, 7, 8]},
			"faces": {
				"north": {"uv": [3.33333, 8.66667, 3.66667, 10.66667], "texture": "#2_0"},
				"east": {"uv": [2.66667, 8.66667, 3.33333, 10.66667], "texture": "#2_0"},
				"south": {"uv": [4.33333, 8.66667, 4.66667, 10.66667], "texture": "#2_0"},
				"west": {"uv": [3.66667, 8.66667, 4.33333, 10.66667], "texture": "#2_0"},
				"up": {"uv": [3.66667, 8.66667, 3.33333, 8], "texture": "#2_0"},
				"down": {"uv": [4, 8, 3.66667, 8.66667], "texture": "#2_0"}
			}
		},
		{
			"from": [6, 8, 3],
			"to": [8, 14, 4],
			"rotation": {"angle": 45, "axis": "y", "origin": [8, 7, 8]},
			"faces": {
				"north": {"uv": [5, 8.66667, 5.66667, 10.66667], "texture": "#2_0"},
				"east": {"uv": [4.66667, 8.66667, 5, 10.66667], "texture": "#2_0"},
				"south": {"uv": [6, 8.66667, 6.66667, 10.66667], "texture": "#2_0"},
				"west": {"uv": [5.66667, 8.66667, 6, 10.66667], "texture": "#2_0"},
				"up": {"uv": [5.66667, 8.66667, 5, 8.33333], "texture": "#2_0"},
				"down": {"uv": [6.33333, 8.33333, 5.66667, 8.66667], "texture": "#2_0"}
			}
		},
		{
			"from": [8, 8, 4],
			"to": [9, 14, 6],
			"rotation": {"angle": 45, "axis": "y", "origin": [8, 7, 8]},
			"faces": {
				"north": {"uv": [0.66667, 9, 1, 11], "texture": "#2_0"},
				"east": {"uv": [0, 9, 0.66667, 11], "texture": "#2_0"},
				"south": {"uv": [1.66667, 9, 2, 11], "texture": "#2_0"},
				"west": {"uv": [1, 9, 1.66667, 11], "texture": "#2_0"},
				"up": {"uv": [1, 9, 0.66667, 8.33333], "texture": "#2_0"},
				"down": {"uv": [1.33333, 8.33333, 1, 9], "texture": "#2_0"}
			}
		},
		{
			"from": [6, 8, 6],
			"to": [8, 14, 7],
			"rotation": {"angle": 45, "axis": "y", "origin": [8, 7, 8]},
			"faces": {
				"north": {"uv": [7, 9, 7.66667, 11], "texture": "#2_0"},
				"east": {"uv": [6.66667, 9, 7, 11], "texture": "#2_0"},
				"south": {"uv": [8, 9, 8.66667, 11], "texture": "#2_0"},
				"west": {"uv": [7.66667, 9, 8, 11], "texture": "#2_0"},
				"up": {"uv": [7.66667, 9, 7, 8.66667], "texture": "#2_0"},
				"down": {"uv": [8.33333, 8.66667, 7.66667, 9], "texture": "#2_0"}
			}
		},
		{
			"from": [9, 7, 3],
			"to": [10, 8, 7],
			"rotation": {"angle": 45, "axis": "y", "origin": [8, 7, 8]},
			"faces": {
				"north": {"uv": [1.33333, 6.33333, 1.66667, 6.66667], "texture": "#2_0"},
				"east": {"uv": [0, 6.33333, 1.33333, 6.66667], "texture": "#2_0"},
				"south": {"uv": [3, 6.33333, 3.33333, 6.66667], "texture": "#2_0"},
				"west": {"uv": [1.66667, 6.33333, 3, 6.66667], "texture": "#2_0"},
				"up": {"uv": [1.66667, 6.33333, 1.33333, 5], "texture": "#2_0"},
				"down": {"uv": [2, 5, 1.66667, 6.33333], "texture": "#2_0"}
			}
		},
		{
			"from": [4, 0, 3],
			"to": [10, 1, 7],
			"rotation": {"angle": 45, "axis": "y", "origin": [8, 7, 8]},
			"faces": {
				"north": {"uv": [1.33333, 1.33333, 3.33333, 1.66667], "texture": "#2_0"},
				"east": {"uv": [0, 1.33333, 1.33333, 1.66667], "texture": "#2_0"},
				"south": {"uv": [4.66667, 1.33333, 6.66667, 1.66667], "texture": "#2_0"},
				"west": {"uv": [3.33333, 1.33333, 4.66667, 1.66667], "texture": "#2_0"},
				"up": {"uv": [3.33333, 1.33333, 1.33333, 0], "texture": "#2_0"},
				"down": {"uv": [5.33333, 0, 3.33333, 1.33333], "texture": "#2_0"}
			}
		},
		{
			"from": [4, 2, 1],
			"to": [10, 6, 2],
			"rotation": {"angle": 45, "axis": "y", "origin": [8, 7, 8]},
			"faces": {
				"north": {"uv": [5.66667, 3.66667, 7.66667, 5], "texture": "#2_0"},
				"east": {"uv": [5.33333, 3.66667, 5.66667, 5], "texture": "#2_0"},
				"south": {"uv": [8, 3.66667, 10, 5], "texture": "#2_0"},
				"west": {"uv": [7.66667, 3.66667, 8, 5], "texture": "#2_0"},
				"up": {"uv": [7.66667, 3.66667, 5.66667, 3.33333], "texture": "#2_0"},
				"down": {"uv": [9.66667, 3.33333, 7.66667, 3.66667], "texture": "#2_0"}
			}
		},
		{
			"from": [4, 2, 8],
			"to": [10, 6, 9],
			"rotation": {"angle": 45, "axis": "y", "origin": [8, 7, 8]},
			"faces": {
				"north": {"uv": [5.66667, 2, 7.66667, 3.33333], "texture": "#2_0"},
				"east": {"uv": [5.33333, 2, 5.66667, 3.33333], "texture": "#2_0"},
				"south": {"uv": [8, 2, 10, 3.33333], "texture": "#2_0"},
				"west": {"uv": [7.66667, 2, 8, 3.33333], "texture": "#2_0"},
				"up": {"uv": [7.66667, 2, 5.66667, 1.66667], "texture": "#2_0"},
				"down": {"uv": [9.66667, 1.66667, 7.66667, 2], "texture": "#2_0"}
			}
		},
		{
			"from": [10, 2, 2],
			"to": [11, 6, 8],
			"rotation": {"angle": 45, "axis": "y", "origin": [8, 7, 8]},
			"faces": {
				"north": {"uv": [4.66667, 5, 5, 6.33333], "texture": "#2_0"},
				"east": {"uv": [2.66667, 5, 4.66667, 6.33333], "texture": "#2_0"},
				"south": {"uv": [7, 5, 7.33333, 6.33333], "texture": "#2_0"},
				"west": {"uv": [5, 5, 7, 6.33333], "texture": "#2_0"},
				"up": {"uv": [5, 5, 4.66667, 3], "texture": "#2_0"},
				"down": {"uv": [5.33333, 3, 5, 5], "texture": "#2_0"}
			}
		},
		{
			"from": [3, 2, 2],
			"to": [4, 6, 8],
			"rotation": {"angle": 45, "axis": "y", "origin": [8, 7, 8]},
			"faces": {
				"north": {"uv": [2, 3.66667, 2.33333, 5], "texture": "#2_0"},
				"east": {"uv": [0, 3.66667, 2, 5], "texture": "#2_0"},
				"south": {"uv": [4.33333, 3.66667, 4.66667, 5], "texture": "#2_0"},
				"west": {"uv": [2.33333, 3.66667, 4.33333, 5], "texture": "#2_0"},
				"up": {"uv": [2.33333, 3.66667, 2, 1.66667], "texture": "#2_0"},
				"down": {"uv": [2.66667, 1.66667, 2.33333, 3.66667], "texture": "#2_0"}
			}
		},
		{
			"from": [5, 7, 6],
			"to": [9, 8, 8],
			"rotation": {"angle": 45, "axis": "y", "origin": [8, 7, 8]},
			"faces": {
				"north": {"uv": [7.33333, 8.33333, 8.66667, 8.66667], "texture": "#2_0"},
				"east": {"uv": [6.66667, 8.33333, 7.33333, 8.66667], "texture": "#2_0"},
				"south": {"uv": [9.33333, 8.33333, 10.66667, 8.66667], "texture": "#2_0"},
				"west": {"uv": [8.66667, 8.33333, 9.33333, 8.66667], "texture": "#2_0"},
				"up": {"uv": [8.66667, 8.33333, 7.33333, 7.66667], "texture": "#2_0"},
				"down": {"uv": [10, 7.66667, 8.66667, 8.33333], "texture": "#2_0"}
			}
		},
		{
			"from": [5, 7, 2],
			"to": [9, 8, 4],
			"rotation": {"angle": 45, "axis": "y", "origin": [8, 7, 8]},
			"faces": {
				"north": {"uv": [8, 5.66667, 9.33333, 6], "texture": "#2_0"},
				"east": {"uv": [7.33333, 5.66667, 8, 6], "texture": "#2_0"},
				"south": {"uv": [10, 5.66667, 11.33333, 6], "texture": "#2_0"},
				"west": {"uv": [9.33333, 5.66667, 10, 6], "texture": "#2_0"},
				"up": {"uv": [9.33333, 5.66667, 8, 5], "texture": "#2_0"},
				"down": {"uv": [10.66667, 5, 9.33333, 5.66667], "texture": "#2_0"}
			}
		},
		{
			"from": [5, 0, 7],
			"to": [9, 1, 8],
			"rotation": {"angle": 45, "axis": "y", "origin": [8, 7, 8]},
			"faces": {
				"north": {"uv": [9, 9.66667, 10.33333, 10], "texture": "#2_0"},
				"east": {"uv": [8.66667, 9.66667, 9, 10], "texture": "#2_0"},
				"south": {"uv": [10.66667, 9.66667, 12, 10], "texture": "#2_0"},
				"west": {"uv": [10.33333, 9.66667, 10.66667, 10], "texture": "#2_0"},
				"up": {"uv": [10.33333, 9.66667, 9, 9.33333], "texture": "#2_0"},
				"down": {"uv": [11.66667, 9.33333, 10.33333, 9.66667], "texture": "#2_0"}
			}
		},
		{
			"from": [5, 1, 1],
			"to": [9, 2, 2],
			"rotation": {"angle": 45, "axis": "y", "origin": [8, 7, 8]},
			"faces": {
				"north": {"uv": [9, 1, 10.33333, 1.33333], "texture": "#2_0"},
				"east": {"uv": [8.66667, 1, 9, 1.33333], "texture": "#2_0"},
				"south": {"uv": [10.66667, 1, 12, 1.33333], "texture": "#2_0"},
				"west": {"uv": [10.33333, 1, 10.66667, 1.33333], "texture": "#2_0"},
				"up": {"uv": [10.33333, 1, 9, 0.66667], "texture": "#2_0"},
				"down": {"uv": [11.66667, 0.66667, 10.33333, 1], "texture": "#2_0"}
			}
		},
		{
			"from": [5, 1, 8],
			"to": [9, 2, 9],
			"rotation": {"angle": 45, "axis": "y", "origin": [8, 7, 8]},
			"faces": {
				"north": {"uv": [9, 0.33333, 10.33333, 0.66667], "texture": "#2_0"},
				"east": {"uv": [8.66667, 0.33333, 9, 0.66667], "texture": "#2_0"},
				"south": {"uv": [10.66667, 0.33333, 12, 0.66667], "texture": "#2_0"},
				"west": {"uv": [10.33333, 0.33333, 10.66667, 0.66667], "texture": "#2_0"},
				"up": {"uv": [10.33333, 0.33333, 9, 0], "texture": "#2_0"},
				"down": {"uv": [11.66667, 0, 10.33333, 0.33333], "texture": "#2_0"}
			}
		},
		{
			"from": [10, 1, 3],
			"to": [11, 2, 7],
			"rotation": {"angle": 45, "axis": "y", "origin": [8, 7, 8]},
			"faces": {
				"north": {"uv": [8, 1.33333, 8.33333, 1.66667], "texture": "#2_0"},
				"east": {"uv": [6.66667, 1.33333, 8, 1.66667], "texture": "#2_0"},
				"south": {"uv": [9.66667, 1.33333, 10, 1.66667], "texture": "#2_0"},
				"west": {"uv": [8.33333, 1.33333, 9.66667, 1.66667], "texture": "#2_0"},
				"up": {"uv": [8.33333, 1.33333, 8, 0], "texture": "#2_0"},
				"down": {"uv": [8.66667, 0, 8.33333, 1.33333], "texture": "#2_0"}
			}
		},
		{
			"from": [3, 1, 3],
			"to": [4, 2, 7],
			"rotation": {"angle": 45, "axis": "y", "origin": [8, 7, 8]},
			"faces": {
				"north": {"uv": [5.33333, 8, 5.66667, 8.33333], "texture": "#2_0"},
				"east": {"uv": [4, 8, 5.33333, 8.33333], "texture": "#2_0"},
				"south": {"uv": [7, 8, 7.33333, 8.33333], "texture": "#2_0"},
				"west": {"uv": [5.66667, 8, 7, 8.33333], "texture": "#2_0"},
				"up": {"uv": [5.66667, 8, 5.33333, 6.66667], "texture": "#2_0"},
				"down": {"uv": [6, 6.66667, 5.66667, 8], "texture": "#2_0"}
			}
		},
		{
			"from": [5, 7, 4],
			"to": [6, 8, 6],
			"rotation": {"angle": 45, "axis": "y", "origin": [8, 7, 8]},
			"faces": {
				"north": {"uv": [0.66667, 3.33333, 1, 3.66667], "texture": "#2_0"},
				"east": {"uv": [0, 3.33333, 0.66667, 3.66667], "texture": "#2_0"},
				"south": {"uv": [1.66667, 3.33333, 2, 3.66667], "texture": "#2_0"},
				"west": {"uv": [1, 3.33333, 1.66667, 3.66667], "texture": "#2_0"},
				"up": {"uv": [1, 3.33333, 0.66667, 2.66667], "texture": "#2_0"},
				"down": {"uv": [1.33333, 2.66667, 1, 3.33333], "texture": "#2_0"}
			}
		},
		{
			"from": [8, 7, 4],
			"to": [9, 8, 6],
			"rotation": {"angle": 45, "axis": "y", "origin": [8, 7, 8]},
			"faces": {
				"north": {"uv": [0.66667, 2.33333, 1, 2.66667], "texture": "#2_0"},
				"east": {"uv": [0, 2.33333, 0.66667, 2.66667], "texture": "#2_0"},
				"south": {"uv": [1.66667, 2.33333, 2, 2.66667], "texture": "#2_0"},
				"west": {"uv": [1, 2.33333, 1.66667, 2.66667], "texture": "#2_0"},
				"up": {"uv": [1, 2.33333, 0.66667, 1.66667], "texture": "#2_0"},
				"down": {"uv": [1.33333, 1.66667, 1, 2.33333], "texture": "#2_0"}
			}
		},
		{
			"from": [4, 7, 3],
			"to": [5, 8, 7],
			"rotation": {"angle": 45, "axis": "y", "origin": [8, 7, 8]},
			"faces": {
				"north": {"uv": [1.33333, 8, 1.66667, 8.33333], "texture": "#2_0"},
				"east": {"uv": [0, 8, 1.33333, 8.33333], "texture": "#2_0"},
				"south": {"uv": [3, 8, 3.33333, 8.33333], "texture": "#2_0"},
				"west": {"uv": [1.66667, 8, 3, 8.33333], "texture": "#2_0"},
				"up": {"uv": [1.66667, 8, 1.33333, 6.66667], "texture": "#2_0"},
				"down": {"uv": [2, 6.66667, 1.66667, 8], "texture": "#2_0"}
			}
		},
		{
			"from": [5, 0, 2],
			"to": [9, 1, 3],
			"rotation": {"angle": 45, "axis": "y", "origin": [8, 7, 8]},
			"faces": {
				"north": {"uv": [9, 9, 10.33333, 9.33333], "texture": "#2_0"},
				"east": {"uv": [8.66667, 9, 9, 9.33333], "texture": "#2_0"},
				"south": {"uv": [10.66667, 9, 12, 9.33333], "texture": "#2_0"},
				"west": {"uv": [10.33333, 9, 10.66667, 9.33333], "texture": "#2_0"},
				"up": {"uv": [10.33333, 9, 9, 8.66667], "texture": "#2_0"},
				"down": {"uv": [11.66667, 8.66667, 10.33333, 9], "texture": "#2_0"}
			}
		},
		{
			"from": [5, 6, 1],
			"to": [9, 7, 2],
			"rotation": {"angle": 45, "axis": "y", "origin": [8, 7, 8]},
			"faces": {
				"north": {"uv": [8.33333, 7, 9.66667, 7.33333], "texture": "#2_0"},
				"east": {"uv": [8, 7, 8.33333, 7.33333], "texture": "#2_0"},
				"south": {"uv": [10, 7, 11.33333, 7.33333], "texture": "#2_0"},
				"west": {"uv": [9.66667, 7, 10, 7.33333], "texture": "#2_0"},
				"up": {"uv": [9.66667, 7, 8.33333, 6.66667], "texture": "#2_0"},
				"down": {"uv": [11, 6.66667, 9.66667, 7], "texture": "#2_0"}
			}
		},
		{
			"from": [5, 6, 8],
			"to": [9, 7, 9],
			"rotation": {"angle": 45, "axis": "y", "origin": [8, 7, 8]},
			"faces": {
				"north": {"uv": [8.33333, 6.33333, 9.66667, 6.66667], "texture": "#2_0"},
				"east": {"uv": [8, 6.33333, 8.33333, 6.66667], "texture": "#2_0"},
				"south": {"uv": [10, 6.33333, 11.33333, 6.66667], "texture": "#2_0"},
				"west": {"uv": [9.66667, 6.33333, 10, 6.66667], "texture": "#2_0"},
				"up": {"uv": [9.66667, 6.33333, 8.33333, 6], "texture": "#2_0"},
				"down": {"uv": [11, 6, 9.66667, 6.33333], "texture": "#2_0"}
			}
		},
		{
			"from": [10, 6, 3],
			"to": [11, 7, 7],
			"rotation": {"angle": 45, "axis": "y", "origin": [8, 7, 8]},
			"faces": {
				"north": {"uv": [3.33333, 7.66667, 3.66667, 8], "texture": "#2_0"},
				"east": {"uv": [2, 7.66667, 3.33333, 8], "texture": "#2_0"},
				"south": {"uv": [5, 7.66667, 5.33333, 8], "texture": "#2_0"},
				"west": {"uv": [3.66667, 7.66667, 5, 8], "texture": "#2_0"},
				"up": {"uv": [3.66667, 7.66667, 3.33333, 6.33333], "texture": "#2_0"},
				"down": {"uv": [4, 6.33333, 3.66667, 7.66667], "texture": "#2_0"}
			}
		},
		{
			"from": [3, 6, 3],
			"to": [4, 7, 7],
			"rotation": {"angle": 45, "axis": "y", "origin": [8, 7, 8]},
			"faces": {
				"north": {"uv": [7.33333, 7.33333, 7.66667, 7.66667], "texture": "#2_0"},
				"east": {"uv": [6, 7.33333, 7.33333, 7.66667], "texture": "#2_0"},
				"south": {"uv": [9, 7.33333, 9.33333, 7.66667], "texture": "#2_0"},
				"west": {"uv": [7.66667, 7.33333, 9, 7.66667], "texture": "#2_0"},
				"up": {"uv": [7.66667, 7.33333, 7.33333, 6], "texture": "#2_0"},
				"down": {"uv": [8, 6, 7.66667, 7.33333], "texture": "#2_0"}
			}
		},
		{
			"from": [4, 6, 7],
			"to": [5, 7, 8],
			"rotation": {"angle": 45, "axis": "y", "origin": [8, 7, 8]},
			"faces": {
				"north": {"uv": [5.66667, 1, 6, 1.33333], "texture": "#2_0"},
				"east": {"uv": [5.33333, 1, 5.66667, 1.33333], "texture": "#2_0"},
				"south": {"uv": [6.33333, 1, 6.66667, 1.33333], "texture": "#2_0"},
				"west": {"uv": [6, 1, 6.33333, 1.33333], "texture": "#2_0"},
				"up": {"uv": [6, 1, 5.66667, 0.66667], "texture": "#2_0"},
				"down": {"uv": [6.33333, 0.66667, 6, 1], "texture": "#2_0"}
			}
		},
		{
			"from": [4, 1, 7],
			"to": [5, 2, 8],
			"rotation": {"angle": 45, "axis": "y", "origin": [8, 7, 8]},
			"faces": {
				"north": {"uv": [5.66667, 0.33333, 6, 0.66667], "texture": "#2_0"},
				"east": {"uv": [5.33333, 0.33333, 5.66667, 0.66667], "texture": "#2_0"},
				"south": {"uv": [6.33333, 0.33333, 6.66667, 0.66667], "texture": "#2_0"},
				"west": {"uv": [6, 0.33333, 6.33333, 0.66667], "texture": "#2_0"},
				"up": {"uv": [6, 0.33333, 5.66667, 0], "texture": "#2_0"},
				"down": {"uv": [6.33333, 0, 6, 0.33333], "texture": "#2_0"}
			}
		},
		{
			"from": [9, 6, 7],
			"to": [10, 7, 8],
			"rotation": {"angle": 45, "axis": "y", "origin": [8, 7, 8]},
			"faces": {
				"north": {"uv": [0.33333, 5.33333, 0.66667, 5.66667], "texture": "#2_0"},
				"east": {"uv": [0, 5.33333, 0.33333, 5.66667], "texture": "#2_0"},
				"south": {"uv": [1, 5.33333, 1.33333, 5.66667], "texture": "#2_0"},
				"west": {"uv": [0.66667, 5.33333, 1, 5.66667], "texture": "#2_0"},
				"up": {"uv": [0.66667, 5.33333, 0.33333, 5], "texture": "#2_0"},
				"down": {"uv": [1, 5, 0.66667, 5.33333], "texture": "#2_0"}
			}
		},
		{
			"from": [9, 1, 7],
			"to": [10, 2, 8],
			"rotation": {"angle": 45, "axis": "y", "origin": [8, 7, 8]},
			"faces": {
				"north": {"uv": [4, 2.33333, 4.33333, 2.66667], "texture": "#2_0"},
				"east": {"uv": [3.66667, 2.33333, 4, 2.66667], "texture": "#2_0"},
				"south": {"uv": [4.66667, 2.33333, 5, 2.66667], "texture": "#2_0"},
				"west": {"uv": [4.33333, 2.33333, 4.66667, 2.66667], "texture": "#2_0"},
				"up": {"uv": [4.33333, 2.33333, 4, 2], "texture": "#2_0"},
				"down": {"uv": [4.66667, 2, 4.33333, 2.33333], "texture": "#2_0"}
			}
		},
		{
			"from": [4, 6, 2],
			"to": [5, 7, 3],
			"rotation": {"angle": 45, "axis": "y", "origin": [8, 7, 8]},
			"faces": {
				"north": {"uv": [3, 2, 3.33333, 2.33333], "texture": "#2_0"},
				"east": {"uv": [2.66667, 2, 3, 2.33333], "texture": "#2_0"},
				"south": {"uv": [3.66667, 2, 4, 2.33333], "texture": "#2_0"},
				"west": {"uv": [3.33333, 2, 3.66667, 2.33333], "texture": "#2_0"},
				"up": {"uv": [3.33333, 2, 3, 1.66667], "texture": "#2_0"},
				"down": {"uv": [3.66667, 1.66667, 3.33333, 2], "texture": "#2_0"}
			}
		},
		{
			"from": [4, 1, 2],
			"to": [5, 2, 3],
			"rotation": {"angle": 45, "axis": "y", "origin": [8, 7, 8]},
			"faces": {
				"north": {"uv": [3, 3, 3.33333, 3.33333], "texture": "#2_0"},
				"east": {"uv": [2.66667, 3, 3, 3.33333], "texture": "#2_0"},
				"south": {"uv": [3.66667, 3, 4, 3.33333], "texture": "#2_0"},
				"west": {"uv": [3.33333, 3, 3.66667, 3.33333], "texture": "#2_0"},
				"up": {"uv": [3.33333, 3, 3, 2.66667], "texture": "#2_0"},
				"down": {"uv": [3.66667, 2.66667, 3.33333, 3], "texture": "#2_0"}
			}
		},
		{
			"from": [9, 6, 2],
			"to": [10, 7, 3],
			"rotation": {"angle": 45, "axis": "y", "origin": [8, 7, 8]},
			"faces": {
				"north": {"uv": [0.33333, 1, 0.66667, 1.33333], "texture": "#2_0"},
				"east": {"uv": [0, 1, 0.33333, 1.33333], "texture": "#2_0"},
				"south": {"uv": [1, 1, 1.33333, 1.33333], "texture": "#2_0"},
				"west": {"uv": [0.66667, 1, 1, 1.33333], "texture": "#2_0"},
				"up": {"uv": [0.66667, 1, 0.33333, 0.66667], "texture": "#2_0"},
				"down": {"uv": [1, 0.66667, 0.66667, 1], "texture": "#2_0"}
			}
		},
		{
			"from": [9, 1, 2],
			"to": [10, 2, 3],
			"rotation": {"angle": 45, "axis": "y", "origin": [8, 7, 8]},
			"faces": {
				"north": {"uv": [0.33333, 0.33333, 0.66667, 0.66667], "texture": "#2_0"},
				"east": {"uv": [0, 0.33333, 0.33333, 0.66667], "texture": "#2_0"},
				"south": {"uv": [1, 0.33333, 1.33333, 0.66667], "texture": "#2_0"},
				"west": {"uv": [0.66667, 0.33333, 1, 0.66667], "texture": "#2_0"},
				"up": {"uv": [0.66667, 0.33333, 0.33333, 0], "texture": "#2_0"},
				"down": {"uv": [1, 0, 0.66667, 0.33333], "texture": "#2_0"}
			}
		}
	],
	"groups": [0,
		{
			"name": "lab_equipment2",
			"origin": [8, 8, 8],
			"children": [
				{
					"name": "equipment1",
					"origin": [8, 8, 8],
					"children": [1, 2, 3, 4, 5, 6, 7]
				},
				{
					"name": "equipment2",
					"origin": [8, 8, 8],
					"children": [
						{
							"name": "group",
							"origin": [8, 10, 8],
							"children": [
								{
									"name": "group",
									"origin": [8, 10, 8],
									"children": [8, 9, 10, 11]
								}, 12, 13, 14, 15, 16, 17, 18, 19, 20, 21, 22, 23, 24, 25, 26, 27, 28, 29, 30, 31, 32, 33, 34, 35, 36, 37, 38, 39, 40]
						}
					]
				}
			]
		}
	]
}