{
	"credit": "By Limonchik_",
	"textures": {
		"2_0": "block/equipment2",
		"particle": "block/equipment2"
	},
	"elements": [
		{
			"from": [7.5, 8, 11],
			"to": [8.5, 14, 13],
			"rotation": {"angle": -22.5, "axis": "y", "origin": [8, 7, 8]},
			"faces": {
				"north": {"uv": [4.33333, 8.66667, 4.66667, 10.66667], "texture": "#2_0"},
				"east": {"uv": [3.66667, 8.66667, 4.33333, 10.66667], "texture": "#2_0"},
				"south": {"uv": [3.33333, 8.66667, 3.66667, 10.66667], "texture": "#2_0"},
				"west": {"uv": [2.66667, 8.66667, 3.33333, 10.66667], "texture": "#2_0"},
				"up": {"uv": [3.66667, 8.66667, 3.33333, 8], "rotation": 180, "texture": "#2_0"},
				"down": {"uv": [4, 8, 3.66667, 8.66667], "rotation": 180, "texture": "#2_0"}
			}
		},
		{
			"from": [5.5, 8, 13],
			"to": [7.5, 14, 14],
			"rotation": {"angle": -22.5, "axis": "y", "origin": [8, 7, 8]},
			"faces": {
				"north": {"uv": [6, 8.66667, 6.66667, 10.66667], "texture": "#2_0"},
				"east": {"uv": [5.66667, 8.66667, 6, 10.66667], "texture": "#2_0"},
				"south": {"uv": [5, 8.66667, 5.66667, 10.66667], "texture": "#2_0"},
				"west": {"uv": [4.66667, 8.66667, 5, 10.66667], "texture": "#2_0"},
				"up": {"uv": [5.66667, 8.66667, 5, 8.33333], "rotation": 180, "texture": "#2_0"},
				"down": {"uv": [6.33333, 8.33333, 5.66667, 8.66667], "rotation": 180, "texture": "#2_0"}
			}
		},
		{
			"from": [4.5, 8, 11],
			"to": [5.5, 14, 13],
			"rotation": {"angle": -22.5, "axis": "y", "origin": [8, 7, 8]},
			"faces": {
				"north": {"uv": [1.66667, 9, 2, 11], "texture": "#2_0"},
				"east": {"uv": [1, 9, 1.66667, 11], "texture": "#2_0"},
				"south": {"uv": [0.66667, 9, 1, 11], "texture": "#2_0"},
				"west": {"uv": [0, 9, 0.66667, 11], "texture": "#2_0"},
				"up": {"uv": [1, 9, 0.66667, 8.33333], "rotation": 180, "texture": "#2_0"},
				"down": {"uv": [1.33333, 8.33333, 1, 9], "rotation": 180, "texture": "#2_0"}
			}
		},
		{
			"from": [5.5, 8, 10],
			"to": [7.5, 14, 11],
			"rotation": {"angle": -22.5, "axis": "y", "origin": [8, 7, 8]},
			"faces": {
				"north": {"uv": [8, 9, 8.66667, 11], "texture": "#2_0"},
				"east": {"uv": [7.66667, 9, 8, 11], "texture": "#2_0"},
				"south": {"uv": [7, 9, 7.66667, 11], "texture": "#2_0"},
				"west": {"uv": [6.66667, 9, 7, 11], "texture": "#2_0"},
				"up": {"uv": [7.66667, 9, 7, 8.66667], "rotation": 180, "texture": "#2_0"},
				"down": {"uv": [8.33333, 8.66667, 7.66667, 9], "rotation": 180, "texture": "#2_0"}
			}
		},
		{
			"from": [3.5, 7, 10],
			"to": [4.5, 8, 14],
			"rotation": {"angle": -22.5, "axis": "y", "origin": [8, 7, 8]},
			"faces": {
				"north": {"uv": [3, 6.33333, 3.33333, 6.66667], "texture": "#2_0"},
				"east": {"uv": [1.66667, 6.33333, 3, 6.66667], "texture": "#2_0"},
				"south": {"uv": [1.33333, 6.33333, 1.66667, 6.66667], "texture": "#2_0"},
				"west": {"uv": [0, 6.33333, 1.33333, 6.66667], "texture": "#2_0"},
				"up": {"uv": [1.66667, 6.33333, 1.33333, 5], "rotation": 180, "texture": "#2_0"},
				"down": {"uv": [2, 5, 1.66667, 6.33333], "rotation": 180, "texture": "#2_0"}
			}
		},
		{
			"from": [3.5, 0, 10],
			"to": [9.5, 1, 14],
			"rotation": {"angle": -22.5, "axis": "y", "origin": [8, 7, 8]},
			"faces": {
				"north": {"uv": [4.66667, 1.33333, 6.66667, 1.66667], "texture": "#2_0"},
				"east": {"uv": [3.33333, 1.33333, 4.66667, 1.66667], "texture": "#2_0"},
				"south": {"uv": [1.33333, 1.33333, 3.33333, 1.66667], "texture": "#2_0"},
				"west": {"uv": [0, 1.33333, 1.33333, 1.66667], "texture": "#2_0"},
				"up": {"uv": [3.33333, 1.33333, 1.33333, 0], "rotation": 180, "texture": "#2_0"},
				"down": {"uv": [5.33333, 0, 3.33333, 1.33333], "rotation": 180, "texture": "#2_0"}
			}
		},
		{
			"from": [3.5, 2, 15],
			"to": [9.5, 6, 16],
			"rotation": {"angle": -22.5, "axis": "y", "origin": [8, 7, 8]},
			"faces": {
				"north": {"uv": [8, 3.66667, 10, 5], "texture": "#2_0"},
				"east": {"uv": [7.66667, 3.66667, 8, 5], "texture": "#2_0"},
				"south": {"uv": [5.66667, 3.66667, 7.66667, 5], "texture": "#2_0"},
				"west": {"uv": [5.33333, 3.66667, 5.66667, 5], "texture": "#2_0"},
				"up": {"uv": [7.66667, 3.66667, 5.66667, 3.33333], "rotation": 180, "texture": "#2_0"},
				"down": {"uv": [9.66667, 3.33333, 7.66667, 3.66667], "rotation": 180, "texture": "#2_0"}
			}
		},
		{
			"from": [3.5, 2, 8],
			"to": [9.5, 6, 9],
			"rotation": {"angle": -22.5, "axis": "y", "origin": [8, 7, 8]},
			"faces": {
				"north": {"uv": [8, 2, 10, 3.33333], "texture": "#2_0"},
				"east": {"uv": [7.66667, 2, 8, 3.33333], "texture": "#2_0"},
				"south": {"uv": [5.66667, 2, 7.66667, 3.33333], "texture": "#2_0"},
				"west": {"uv": [5.33333, 2, 5.66667, 3.33333], "texture": "#2_0"},
				"up": {"uv": [7.66667, 2, 5.66667, 1.66667], "rotation": 180, "texture": "#2_0"},
				"down": {"uv": [9.66667, 1.66667, 7.66667, 2], "rotation": 180, "texture": "#2_0"}
			}
		},
		{
			"from": [2.5, 2, 9],
			"to": [3.5, 6, 15],
			"rotation": {"angle": -22.5, "axis": "y", "origin": [8, 7, 8]},
			"faces": {
				"north": {"uv": [7, 5, 7.33333, 6.33333], "texture": "#2_0"},
				"east": {"uv": [5, 5, 7, 6.33333], "texture": "#2_0"},
				"south": {"uv": [4.66667, 5, 5, 6.33333], "texture": "#2_0"},
				"west": {"uv": [2.66667, 5, 4.66667, 6.33333], "texture": "#2_0"},
				"up": {"uv": [5, 5, 4.66667, 3], "rotation": 180, "texture": "#2_0"},
				"down": {"uv": [5.33333, 3, 5, 5], "rotation": 180, "texture": "#2_0"}
			}
		},
		{
			"from": [9.5, 2, 9],
			"to": [10.5, 6, 15],
			"rotation": {"angle": -22.5, "axis": "y", "origin": [8, 7, 8]},
			"faces": {
				"north": {"uv": [4.33333, 3.66667, 4.66667, 5], "texture": "#2_0"},
				"east": {"uv": [2.33333, 3.66667, 4.33333, 5], "texture": "#2_0"},
				"south": {"uv": [2, 3.66667, 2.33333, 5], "texture": "#2_0"},
				"west": {"uv": [0, 3.66667, 2, 5], "texture": "#2_0"},
				"up": {"uv": [2.33333, 3.66667, 2, 1.66667], "rotation": 180, "texture": "#2_0"},
				"down": {"uv": [2.66667, 1.66667, 2.33333, 3.66667], "rotation": 180, "texture": "#2_0"}
			}
		},
		{
			"from": [4.5, 7, 9],
			"to": [8.5, 8, 11],
			"rotation": {"angle": -22.5, "axis": "y", "origin": [8, 7, 8]},
			"faces": {
				"north": {"uv": [9.33333, 8.33333, 10.66667, 8.66667], "texture": "#2_0"},
				"east": {"uv": [8.66667, 8.33333, 9.33333, 8.66667], "texture": "#2_0"},
				"south": {"uv": [7.33333, 8.33333, 8.66667, 8.66667], "texture": "#2_0"},
				"west": {"uv": [6.66667, 8.33333, 7.33333, 8.66667], "texture": "#2_0"},
				"up": {"uv": [8.66667, 8.33333, 7.33333, 7.66667], "rotation": 180, "texture": "#2_0"},
				"down": {"uv": [10, 7.66667, 8.66667, 8.33333], "rotation": 180, "texture": "#2_0"}
			}
		},
		{
			"from": [4.5, 7, 13],
			"to": [8.5, 8, 15],
			"rotation": {"angle": -22.5, "axis": "y", "origin": [8, 7, 8]},
			"faces": {
				"north": {"uv": [10, 5.66667, 11.33333, 6], "texture": "#2_0"},
				"east": {"uv": [9.33333, 5.66667, 10, 6], "texture": "#2_0"},
				"south": {"uv": [8, 5.66667, 9.33333, 6], "texture": "#2_0"},
				"west": {"uv": [7.33333, 5.66667, 8, 6], "texture": "#2_0"},
				"up": {"uv": [9.33333, 5.66667, 8, 5], "rotation": 180, "texture": "#2_0"},
				"down": {"uv": [10.66667, 5, 9.33333, 5.66667], "rotation": 180, "texture": "#2_0"}
			}
		},
		{
			"from": [4.5, 0, 9],
			"to": [8.5, 1, 10],
			"rotation": {"angle": -22.5, "axis": "y", "origin": [8, 7, 8]},
			"faces": {
				"north": {"uv": [10.66667, 9.66667, 12, 10], "texture": "#2_0"},
				"east": {"uv": [10.33333, 9.66667, 10.66667, 10], "texture": "#2_0"},
				"south": {"uv": [9, 9.66667, 10.33333, 10], "texture": "#2_0"},
				"west": {"uv": [8.66667, 9.66667, 9, 10], "texture": "#2_0"},
				"up": {"uv": [10.33333, 9.66667, 9, 9.33333], "rotation": 180, "texture": "#2_0"},
				"down": {"uv": [11.66667, 9.33333, 10.33333, 9.66667], "rotation": 180, "texture": "#2_0"}
			}
		},
		{
			"from": [4.5, 1, 15],
			"to": [8.5, 2, 16],
			"rotation": {"angle": -22.5, "axis": "y", "origin": [8, 7, 8]},
			"faces": {
				"north": {"uv": [10.66667, 1, 12, 1.33333], "texture": "#2_0"},
				"east": {"uv": [10.33333, 1, 10.66667, 1.33333], "texture": "#2_0"},
				"south": {"uv": [9, 1, 10.33333, 1.33333], "texture": "#2_0"},
				"west": {"uv": [8.66667, 1, 9, 1.33333], "texture": "#2_0"},
				"up": {"uv": [10.33333, 1, 9, 0.66667], "rotation": 180, "texture": "#2_0"},
				"down": {"uv": [11.66667, 0.66667, 10.33333, 1], "rotation": 180, "texture": "#2_0"}
			}
		},
		{
			"from": [4.5, 1, 8],
			"to": [8.5, 2, 9],
			"rotation": {"angle": -22.5, "axis": "y", "origin": [8, 7, 8]},
			"faces": {
				"north": {"uv": [10.66667, 0.33333, 12, 0.66667], "texture": "#2_0"},
				"east": {"uv": [10.33333, 0.33333, 10.66667, 0.66667], "texture": "#2_0"},
				"south": {"uv": [9, 0.33333, 10.33333, 0.66667], "texture": "#2_0"},
				"west": {"uv": [8.66667, 0.33333, 9, 0.66667], "texture": "#2_0"},
				"up": {"uv": [10.33333, 0.33333, 9, 0], "rotation": 180, "texture": "#2_0"},
				"down": {"uv": [11.66667, 0, 10.33333, 0.33333], "rotation": 180, "texture": "#2_0"}
			}
		},
		{
			"from": [2.5, 1, 10],
			"to": [3.5, 2, 14],
			"rotation": {"angle": -22.5, "axis": "y", "origin": [8, 7, 8]},
			"faces": {
				"north": {"uv": [9.66667, 1.33333, 10, 1.66667], "texture": "#2_0"},
				"east": {"uv": [8.33333, 1.33333, 9.66667, 1.66667], "texture": "#2_0"},
				"south": {"uv": [8, 1.33333, 8.33333, 1.66667], "texture": "#2_0"},
				"west": {"uv": [6.66667, 1.33333, 8, 1.66667], "texture": "#2_0"},
				"up": {"uv": [8.33333, 1.33333, 8, 0], "rotation": 180, "texture": "#2_0"},
				"down": {"uv": [8.66667, 0, 8.33333, 1.33333], "rotation": 180, "texture": "#2_0"}
			}
		},
		{
			"from": [9.5, 1, 10],
			"to": [10.5, 2, 14],
			"rotation": {"angle": -22.5, "axis": "y", "origin": [8, 7, 8]},
			"faces": {
				"north": {"uv": [7, 8, 7.33333, 8.33333], "texture": "#2_0"},
				"east": {"uv": [5.66667, 8, 7, 8.33333], "texture": "#2_0"},
				"south": {"uv": [5.33333, 8, 5.66667, 8.33333], "texture": "#2_0"},
				"west": {"uv": [4, 8, 5.33333, 8.33333], "texture": "#2_0"},
				"up": {"uv": [5.66667, 8, 5.33333, 6.66667], "rotation": 180, "texture": "#2_0"},
				"down": {"uv": [6, 6.66667, 5.66667, 8], "rotation": 180, "texture": "#2_0"}
			}
		},
		{
			"from": [7.5, 7, 11],
			"to": [8.5, 8, 13],
			"rotation": {"angle": -22.5, "axis": "y", "origin": [8, 7, 8]},
			"faces": {
				"north": {"uv": [1.66667, 3.33333, 2, 3.66667], "texture": "#2_0"},
				"east": {"uv": [1, 3.33333, 1.66667, 3.66667], "texture": "#2_0"},
				"south": {"uv": [0.66667, 3.33333, 1, 3.66667], "texture": "#2_0"},
				"west": {"uv": [0, 3.33333, 0.66667, 3.66667], "texture": "#2_0"},
				"up": {"uv": [1, 3.33333, 0.66667, 2.66667], "rotation": 180, "texture": "#2_0"},
				"down": {"uv": [1.33333, 2.66667, 1, 3.33333], "rotation": 180, "texture": "#2_0"}
			}
		},
		{
			"from": [4.5, 7, 11],
			"to": [5.5, 8, 13],
			"rotation": {"angle": -22.5, "axis": "y", "origin": [8, 7, 8]},
			"faces": {
				"north": {"uv": [1.66667, 2.33333, 2, 2.66667], "texture": "#2_0"},
				"east": {"uv": [1, 2.33333, 1.66667, 2.66667], "texture": "#2_0"},
				"south": {"uv": [0.66667, 2.33333, 1, 2.66667], "texture": "#2_0"},
				"west": {"uv": [0, 2.33333, 0.66667, 2.66667], "texture": "#2_0"},
				"up": {"uv": [1, 2.33333, 0.66667, 1.66667], "rotation": 180, "texture": "#2_0"},
				"down": {"uv": [1.33333, 1.66667, 1, 2.33333], "rotation": 180, "texture": "#2_0"}
			}
		},
		{
			"from": [8.5, 7, 10],
			"to": [9.5, 8, 14],
			"rotation": {"angle": -22.5, "axis": "y", "origin": [8, 7, 8]},
			"faces": {
				"north": {"uv": [3, 8, 3.33333, 8.33333], "texture": "#2_0"},
				"east": {"uv": [1.66667, 8, 3, 8.33333], "texture": "#2_0"},
				"south": {"uv": [1.33333, 8, 1.66667, 8.33333], "texture": "#2_0"},
				"west": {"uv": [0, 8, 1.33333, 8.33333], "texture": "#2_0"},
				"up": {"uv": [1.66667, 8, 1.33333, 6.66667], "rotation": 180, "texture": "#2_0"},
				"down": {"uv": [2, 6.66667, 1.66667, 8], "rotation": 180, "texture": "#2_0"}
			}
		},
		{
			"from": [4.5, 0, 14],
			"to": [8.5, 1, 15],
			"rotation": {"angle": -22.5, "axis": "y", "origin": [8, 7, 8]},
			"faces": {
				"north": {"uv": [10.66667, 9, 12, 9.33333], "texture": "#2_0"},
				"east": {"uv": [10.33333, 9, 10.66667, 9.33333], "texture": "#2_0"},
				"south": {"uv": [9, 9, 10.33333, 9.33333], "texture": "#2_0"},
				"west": {"uv": [8.66667, 9, 9, 9.33333], "texture": "#2_0"},
				"up": {"uv": [10.33333, 9, 9, 8.66667], "rotation": 180, "texture": "#2_0"},
				"down": {"uv": [11.66667, 8.66667, 10.33333, 9], "rotation": 180, "texture": "#2_0"}
			}
		},
		{
			"from": [4.5, 6, 15],
			"to": [8.5, 7, 16],
			"rotation": {"angle": -22.5, "axis": "y", "origin": [8, 7, 8]},
			"faces": {
				"north": {"uv": [10, 7, 11.33333, 7.33333], "texture": "#2_0"},
				"east": {"uv": [9.66667, 7, 10, 7.33333], "texture": "#2_0"},
				"south": {"uv": [8.33333, 7, 9.66667, 7.33333], "texture": "#2_0"},
				"west": {"uv": [8, 7, 8.33333, 7.33333], "texture": "#2_0"},
				"up": {"uv": [9.66667, 7, 8.33333, 6.66667], "rotation": 180, "texture": "#2_0"},
				"down": {"uv": [11, 6.66667, 9.66667, 7], "rotation": 180, "texture": "#2_0"}
			}
		},
		{
			"from": [4.5, 6, 8],
			"to": [8.5, 7, 9],
			"rotation": {"angle": -22.5, "axis": "y", "origin": [8, 7, 8]},
			"faces": {
				"north": {"uv": [10, 6.33333, 11.33333, 6.66667], "texture": "#2_0"},
				"east": {"uv": [9.66667, 6.33333, 10, 6.66667], "texture": "#2_0"},
				"south": {"uv": [8.33333, 6.33333, 9.66667, 6.66667], "texture": "#2_0"},
				"west": {"uv": [8, 6.33333, 8.33333, 6.66667], "texture": "#2_0"},
				"up": {"uv": [9.66667, 6.33333, 8.33333, 6], "rotation": 180, "texture": "#2_0"},
				"down": {"uv": [11, 6, 9.66667, 6.33333], "rotation": 180, "texture": "#2_0"}
			}
		},
		{
			"from": [2.5, 6, 10],
			"to": [3.5, 7, 14],
			"rotation": {"angle": -22.5, "axis": "y", "origin": [8, 7, 8]},
			"faces": {
				"north": {"uv": [5, 7.66667, 5.33333, 8], "texture": "#2_0"},
				"east": {"uv": [3.66667, 7.66667, 5, 8], "texture": "#2_0"},
				"south": {"uv": [3.33333, 7.66667, 3.66667, 8], "texture": "#2_0"},
				"west": {"uv": [2, 7.66667, 3.33333, 8], "texture": "#2_0"},
				"up": {"uv": [3.66667, 7.66667, 3.33333, 6.33333], "rotation": 180, "texture": "#2_0"},
				"down": {"uv": [4, 6.33333, 3.66667, 7.66667], "rotation": 180, "texture": "#2_0"}
			}
		},
		{
			"from": [9.5, 6, 10],
			"to": [10.5, 7, 14],
			"rotation": {"angle": -22.5, "axis": "y", "origin": [8, 7, 8]},
			"faces": {
				"north": {"uv": [9, 7.33333, 9.33333, 7.66667], "texture": "#2_0"},
				"east": {"uv": [7.66667, 7.33333, 9, 7.66667], "texture": "#2_0"},
				"south": {"uv": [7.33333, 7.33333, 7.66667, 7.66667], "texture": "#2_0"},
				"west": {"uv": [6, 7.33333, 7.33333, 7.66667], "texture": "#2_0"},
				"up": {"uv": [7.66667, 7.33333, 7.33333, 6], "rotation": 180, "texture": "#2_0"},
				"down": {"uv": [8, 6, 7.66667, 7.33333], "rotation": 180, "texture": "#2_0"}
			}
		},
		{
			"from": [8.5, 6, 9],
			"to": [9.5, 7, 10],
			"rotation": {"angle": -22.5, "axis": "y", "origin": [8, 7, 8]},
			"faces": {
				"north": {"uv": [6.33333, 1, 6.66667, 1.33333], "texture": "#2_0"},
				"east": {"uv": [6, 1, 6.33333, 1.33333], "texture": "#2_0"},
				"south": {"uv": [5.66667, 1, 6, 1.33333], "texture": "#2_0"},
				"west": {"uv": [5.33333, 1, 5.66667, 1.33333], "texture": "#2_0"},
				"up": {"uv": [6, 1, 5.66667, 0.66667], "rotation": 180, "texture": "#2_0"},
				"down": {"uv": [6.33333, 0.66667, 6, 1], "rotation": 180, "texture": "#2_0"}
			}
		},
		{
			"from": [8.5, 1, 9],
			"to": [9.5, 2, 10],
			"rotation": {"angle": -22.5, "axis": "y", "origin": [8, 7, 8]},
			"faces": {
				"north": {"uv": [6.33333, 0.33333, 6.66667, 0.66667], "texture": "#2_0"},
				"east": {"uv": [6, 0.33333, 6.33333, 0.66667], "texture": "#2_0"},
				"south": {"uv": [5.66667, 0.33333, 6, 0.66667], "texture": "#2_0"},
				"west": {"uv": [5.33333, 0.33333, 5.66667, 0.66667], "texture": "#2_0"},
				"up": {"uv": [6, 0.33333, 5.66667, 0], "rotation": 180, "texture": "#2_0"},
				"down": {"uv": [6.33333, 0, 6, 0.33333], "rotation": 180, "texture": "#2_0"}
			}
		},
		{
			"from": [3.5, 6, 9],
			"to": [4.5, 7, 10],
			"rotation": {"angle": -22.5, "axis": "y", "origin": [8, 7, 8]},
			"faces": {
				"north": {"uv": [1, 5.33333, 1.33333, 5.66667], "texture": "#2_0"},
				"east": {"uv": [0.66667, 5.33333, 1, 5.66667], "texture": "#2_0"},
				"south": {"uv": [0.33333, 5.33333, 0.66667, 5.66667], "texture": "#2_0"},
				"west": {"uv": [0, 5.33333, 0.33333, 5.66667], "texture": "#2_0"},
				"up": {"uv": [0.66667, 5.33333, 0.33333, 5], "rotation": 180, "texture": "#2_0"},
				"down": {"uv": [1, 5, 0.66667, 5.33333], "rotation": 180, "texture": "#2_0"}
			}
		},
		{
			"from": [3.5, 1, 9],
			"to": [4.5, 2, 10],
			"rotation": {"angle": -22.5, "axis": "y", "origin": [8, 7, 8]},
			"faces": {
				"north": {"uv": [4.66667, 2.33333, 5, 2.66667], "texture": "#2_0"},
				"east": {"uv": [4.33333, 2.33333, 4.66667, 2.66667], "texture": "#2_0"},
				"south": {"uv": [4, 2.33333, 4.33333, 2.66667], "texture": "#2_0"},
				"west": {"uv": [3.66667, 2.33333, 4, 2.66667], "texture": "#2_0"},
				"up": {"uv": [4.33333, 2.33333, 4, 2], "rotation": 180, "texture": "#2_0"},
				"down": {"uv": [4.66667, 2, 4.33333, 2.33333], "rotation": 180, "texture": "#2_0"}
			}
		},
		{
			"from": [8.5, 6, 14],
			"to": [9.5, 7, 15],
			"rotation": {"angle": -22.5, "axis": "y", "origin": [8, 7, 8]},
			"faces": {
				"north": {"uv": [3.66667, 2, 4, 2.33333], "texture": "#2_0"},
				"east": {"uv": [3.33333, 2, 3.66667, 2.33333], "texture": "#2_0"},
				"south": {"uv": [3, 2, 3.33333, 2.33333], "texture": "#2_0"},
				"west": {"uv": [2.66667, 2, 3, 2.33333], "texture": "#2_0"},
				"up": {"uv": [3.33333, 2, 3, 1.66667], "rotation": 180, "texture": "#2_0"},
				"down": {"uv": [3.66667, 1.66667, 3.33333, 2], "rotation": 180, "texture": "#2_0"}
			}
		},
		{
			"from": [8.5, 1, 14],
			"to": [9.5, 2, 15],
			"rotation": {"angle": -22.5, "axis": "y", "origin": [8, 7, 8]},
			"faces": {
				"north": {"uv": [3.66667, 3, 4, 3.33333], "texture": "#2_0"},
				"east": {"uv": [3.33333, 3, 3.66667, 3.33333], "texture": "#2_0"},
				"south": {"uv": [3, 3, 3.33333, 3.33333], "texture": "#2_0"},
				"west": {"uv": [2.66667, 3, 3, 3.33333], "texture": "#2_0"},
				"up": {"uv": [3.33333, 3, 3, 2.66667], "rotation": 180, "texture": "#2_0"},
				"down": {"uv": [3.66667, 2.66667, 3.33333, 3], "rotation": 180, "texture": "#2_0"}
			}
		},
		{
			"from": [3.5, 6, 14],
			"to": [4.5, 7, 15],
			"rotation": {"angle": -22.5, "axis": "y", "origin": [8, 7, 8]},
			"faces": {
				"north": {"uv": [1, 1, 1.33333, 1.33333], "texture": "#2_0"},
				"east": {"uv": [0.66667, 1, 1, 1.33333], "texture": "#2_0"},
				"south": {"uv": [0.33333, 1, 0.66667, 1.33333], "texture": "#2_0"},
				"west": {"uv": [0, 1, 0.33333, 1.33333], "texture": "#2_0"},
				"up": {"uv": [0.66667, 1, 0.33333, 0.66667], "rotation": 180, "texture": "#2_0"},
				"down": {"uv": [1, 0.66667, 0.66667, 1], "rotation": 180, "texture": "#2_0"}
			}
		},
		{
			"from": [3.5, 1, 14],
			"to": [4.5, 2, 15],
			"rotation": {"angle": -22.5, "axis": "y", "origin": [8, 7, 8]},
			"faces": {
				"north": {"uv": [1, 0.33333, 1.33333, 0.66667], "texture": "#2_0"},
				"east": {"uv": [0.66667, 0.33333, 1, 0.66667], "texture": "#2_0"},
				"south": {"uv": [0.33333, 0.33333, 0.66667, 0.66667], "texture": "#2_0"},
				"west": {"uv": [0, 0.33333, 0.33333, 0.66667], "texture": "#2_0"},
				"up": {"uv": [0.66667, 0.33333, 0.33333, 0], "rotation": 180, "texture": "#2_0"},
				"down": {"uv": [1, 0, 0.66667, 0.33333], "rotation": 180, "texture": "#2_0"}
			}
		},
		{
			"from": [11, 8, 5],
			"to": [13, 14, 6],
			"rotation": {"angle": 0, "axis": "y", "origin": [6.5, 7, 5]},
			"faces": {
				"north": {"uv": [2.66667, 8.66667, 3.33333, 10.66667], "texture": "#2_0"},
				"east": {"uv": [4.33333, 8.66667, 4.66667, 10.66667], "texture": "#2_0"},
				"south": {"uv": [3.66667, 8.66667, 4.33333, 10.66667], "texture": "#2_0"},
				"west": {"uv": [3.33333, 8.66667, 3.66667, 10.66667], "texture": "#2_0"},
				"up": {"uv": [3.66667, 8.66667, 3.33333, 8], "rotation": 270, "texture": "#2_0"},
				"down": {"uv": [4, 8, 3.66667, 8.66667], "rotation": 90, "texture": "#2_0"}
			}
		},
		{
			"from": [10, 8, 3],
			"to": [11, 14, 5],
			"rotation": {"angle": 0, "axis": "y", "origin": [6.5, 7, 5]},
			"faces": {
				"north": {"uv": [4.66667, 8.66667, 5, 10.66667], "texture": "#2_0"},
				"east": {"uv": [6, 8.66667, 6.66667, 10.66667], "texture": "#2_0"},
				"south": {"uv": [5.66667, 8.66667, 6, 10.66667], "texture": "#2_0"},
				"west": {"uv": [5, 8.66667, 5.66667, 10.66667], "texture": "#2_0"},
				"up": {"uv": [5.66667, 8.66667, 5, 8.33333], "rotation": 270, "texture": "#2_0"},
				"down": {"uv": [6.33333, 8.33333, 5.66667, 8.66667], "rotation": 90, "texture": "#2_0"}
			}
		},
		{
			"from": [11, 8, 2],
			"to": [13, 14, 3],
			"rotation": {"angle": 0, "axis": "y", "origin": [6.5, 7, 5]},
			"faces": {
				"north": {"uv": [0, 9, 0.66667, 11], "texture": "#2_0"},
				"east": {"uv": [1.66667, 9, 2, 11], "texture": "#2_0"},
				"south": {"uv": [1, 9, 1.66667, 11], "texture": "#2_0"},
				"west": {"uv": [0.66667, 9, 1, 11], "texture": "#2_0"},
				"up": {"uv": [1, 9, 0.66667, 8.33333], "rotation": 270, "texture": "#2_0"},
				"down": {"uv": [1.33333, 8.33333, 1, 9], "rotation": 90, "texture": "#2_0"}
			}
		},
		{
			"from": [13, 8, 3],
			"to": [14, 14, 5],
			"rotation": {"angle": 0, "axis": "y", "origin": [6.5, 7, 5]},
			"faces": {
				"north": {"uv": [6.66667, 9, 7, 11], "texture": "#2_0"},
				"east": {"uv": [8, 9, 8.66667, 11], "texture": "#2_0"},
				"south": {"uv": [7.66667, 9, 8, 11], "texture": "#2_0"},
				"west": {"uv": [7, 9, 7.66667, 11], "texture": "#2_0"},
				"up": {"uv": [7.66667, 9, 7, 8.66667], "rotation": 270, "texture": "#2_0"},
				"down": {"uv": [8.33333, 8.66667, 7.66667, 9], "rotation": 90, "texture": "#2_0"}
			}
		},
		{
			"from": [10, 7, 1],
			"to": [14, 8, 2],
			"rotation": {"angle": 0, "axis": "y", "origin": [6.5, 7, 5]},
			"faces": {
				"north": {"uv": [0, 6.33333, 1.33333, 6.66667], "texture": "#2_0"},
				"east": {"uv": [3, 6.33333, 3.33333, 6.66667], "texture": "#2_0"},
				"south": {"uv": [1.66667, 6.33333, 3, 6.66667], "texture": "#2_0"},
				"west": {"uv": [1.33333, 6.33333, 1.66667, 6.66667], "texture": "#2_0"},
				"up": {"uv": [1.66667, 6.33333, 1.33333, 5], "rotation": 270, "texture": "#2_0"},
				"down": {"uv": [2, 5, 1.66667, 6.33333], "rotation": 90, "texture": "#2_0"}
			}
		},
		{
			"from": [10, 0, 1],
			"to": [14, 1, 7],
			"rotation": {"angle": 0, "axis": "y", "origin": [6.5, 7, 5]},
			"faces": {
				"north": {"uv": [0, 1.33333, 1.33333, 1.66667], "texture": "#2_0"},
				"east": {"uv": [4.66667, 1.33333, 6.66667, 1.66667], "texture": "#2_0"},
				"south": {"uv": [3.33333, 1.33333, 4.66667, 1.66667], "texture": "#2_0"},
				"west": {"uv": [1.33333, 1.33333, 3.33333, 1.66667], "texture": "#2_0"},
				"up": {"uv": [3.33333, 1.33333, 1.33333, 0], "rotation": 270, "texture": "#2_0"},
				"down": {"uv": [5.33333, 0, 3.33333, 1.33333], "rotation": 90, "texture": "#2_0"}
			}
		},
		{
			"from": [8, 2, 1],
			"to": [9, 6, 7],
			"rotation": {"angle": 0, "axis": "y", "origin": [6.5, 7, 5]},
			"faces": {
				"north": {"uv": [5.33333, 3.66667, 5.66667, 5], "texture": "#2_0"},
				"east": {"uv": [8, 3.66667, 10, 5], "texture": "#2_0"},
				"south": {"uv": [7.66667, 3.66667, 8, 5], "texture": "#2_0"},
				"west": {"uv": [5.66667, 3.66667, 7.66667, 5], "texture": "#2_0"},
				"up": {"uv": [7.66667, 3.66667, 5.66667, 3.33333], "rotation": 270, "texture": "#2_0"},
				"down": {"uv": [9.66667, 3.33333, 7.66667, 3.66667], "rotation": 90, "texture": "#2_0"}
			}
		},
		{
			"from": [15, 2, 1],
			"to": [16, 6, 7],
			"rotation": {"angle": 0, "axis": "y", "origin": [6.5, 7, 5]},
			"faces": {
				"north": {"uv": [5.33333, 2, 5.66667, 3.33333], "texture": "#2_0"},
				"east": {"uv": [8, 2, 10, 3.33333], "texture": "#2_0"},
				"south": {"uv": [7.66667, 2, 8, 3.33333], "texture": "#2_0"},
				"west": {"uv": [5.66667, 2, 7.66667, 3.33333], "texture": "#2_0"},
				"up": {"uv": [7.66667, 2, 5.66667, 1.66667], "rotation": 270, "texture": "#2_0"},
				"down": {"uv": [9.66667, 1.66667, 7.66667, 2], "rotation": 90, "texture": "#2_0"}
			}
		},
		{
			"from": [9, 2, 0],
			"to": [15, 6, 1],
			"rotation": {"angle": 0, "axis": "y", "origin": [6.5, 7, 5]},
			"faces": {
				"north": {"uv": [2.66667, 5, 4.66667, 6.33333], "texture": "#2_0"},
				"east": {"uv": [7, 5, 7.33333, 6.33333], "texture": "#2_0"},
				"south": {"uv": [5, 5, 7, 6.33333], "texture": "#2_0"},
				"west": {"uv": [4.66667, 5, 5, 6.33333], "texture": "#2_0"},
				"up": {"uv": [5, 5, 4.66667, 3], "rotation": 270, "texture": "#2_0"},
				"down": {"uv": [5.33333, 3, 5, 5], "rotation": 90, "texture": "#2_0"}
			}
		},
		{
			"from": [9, 2, 7],
			"to": [15, 6, 8],
			"rotation": {"angle": 0, "axis": "y", "origin": [6.5, 7, 5]},
			"faces": {
				"north": {"uv": [0, 3.66667, 2, 5], "texture": "#2_0"},
				"east": {"uv": [4.33333, 3.66667, 4.66667, 5], "texture": "#2_0"},
				"south": {"uv": [2.33333, 3.66667, 4.33333, 5], "texture": "#2_0"},
				"west": {"uv": [2, 3.66667, 2.33333, 5], "texture": "#2_0"},
				"up": {"uv": [2.33333, 3.66667, 2, 1.66667], "rotation": 270, "texture": "#2_0"},
				"down": {"uv": [2.66667, 1.66667, 2.33333, 3.66667], "rotation": 90, "texture": "#2_0"}
			}
		},
		{
			"from": [13, 7, 2],
			"to": [15, 8, 6],
			"rotation": {"angle": 0, "axis": "y", "origin": [6.5, 7, 5]},
			"faces": {
				"north": {"uv": [6.66667, 8.33333, 7.33333, 8.66667], "texture": "#2_0"},
				"east": {"uv": [9.33333, 8.33333, 10.66667, 8.66667], "texture": "#2_0"},
				"south": {"uv": [8.66667, 8.33333, 9.33333, 8.66667], "texture": "#2_0"},
				"west": {"uv": [7.33333, 8.33333, 8.66667, 8.66667], "texture": "#2_0"},
				"up": {"uv": [8.66667, 8.33333, 7.33333, 7.66667], "rotation": 270, "texture": "#2_0"},
				"down": {"uv": [10, 7.66667, 8.66667, 8.33333], "rotation": 90, "texture": "#2_0"}
			}
		},
		{
			"from": [9, 7, 2],
			"to": [11, 8, 6],
			"rotation": {"angle": 0, "axis": "y", "origin": [6.5, 7, 5]},
			"faces": {
				"north": {"uv": [7.33333, 5.66667, 8, 6], "texture": "#2_0"},
				"east": {"uv": [10, 5.66667, 11.33333, 6], "texture": "#2_0"},
				"south": {"uv": [9.33333, 5.66667, 10, 6], "texture": "#2_0"},
				"west": {"uv": [8, 5.66667, 9.33333, 6], "texture": "#2_0"},
				"up": {"uv": [9.33333, 5.66667, 8, 5], "rotation": 270, "texture": "#2_0"},
				"down": {"uv": [10.66667, 5, 9.33333, 5.66667], "rotation": 90, "texture": "#2_0"}
			}
		},
		{
			"from": [14, 0, 2],
			"to": [15, 1, 6],
			"rotation": {"angle": 0, "axis": "y", "origin": [6.5, 7, 5]},
			"faces": {
				"north": {"uv": [8.66667, 9.66667, 9, 10], "texture": "#2_0"},
				"east": {"uv": [10.66667, 9.66667, 12, 10], "texture": "#2_0"},
				"south": {"uv": [10.33333, 9.66667, 10.66667, 10], "texture": "#2_0"},
				"west": {"uv": [9, 9.66667, 10.33333, 10], "texture": "#2_0"},
				"up": {"uv": [10.33333, 9.66667, 9, 9.33333], "rotation": 270, "texture": "#2_0"},
				"down": {"uv": [11.66667, 9.33333, 10.33333, 9.66667], "rotation": 90, "texture": "#2_0"}
			}
		},
		{
			"from": [8, 1, 2],
			"to": [9, 2, 6],
			"rotation": {"angle": 0, "axis": "y", "origin": [6.5, 7, 5]},
			"faces": {
				"north": {"uv": [8.66667, 1, 9, 1.33333], "texture": "#2_0"},
				"east": {"uv": [10.66667, 1, 12, 1.33333], "texture": "#2_0"},
				"south": {"uv": [10.33333, 1, 10.66667, 1.33333], "texture": "#2_0"},
				"west": {"uv": [9, 1, 10.33333, 1.33333], "texture": "#2_0"},
				"up": {"uv": [10.33333, 1, 9, 0.66667], "rotation": 270, "texture": "#2_0"},
				"down": {"uv": [11.66667, 0.66667, 10.33333, 1], "rotation": 90, "texture": "#2_0"}
			}
		},
		{
			"from": [15, 1, 2],
			"to": [16, 2, 6],
			"rotation": {"angle": 0, "axis": "y", "origin": [6.5, 7, 5]},
			"faces": {
				"north": {"uv": [8.66667, 0.33333, 9, 0.66667], "texture": "#2_0"},
				"east": {"uv": [10.66667, 0.33333, 12, 0.66667], "texture": "#2_0"},
				"south": {"uv": [10.33333, 0.33333, 10.66667, 0.66667], "texture": "#2_0"},
				"west": {"uv": [9, 0.33333, 10.33333, 0.66667], "texture": "#2_0"},
				"up": {"uv": [10.33333, 0.33333, 9, 0], "rotation": 270, "texture": "#2_0"},
				"down": {"uv": [11.66667, 0, 10.33333, 0.33333], "rotation": 90, "texture": "#2_0"}
			}
		},
		{
			"from": [10, 1, 0],
			"to": [14, 2, 1],
			"rotation": {"angle": 0, "axis": "y", "origin": [6.5, 7, 5]},
			"faces": {
				"north": {"uv": [6.66667, 1.33333, 8, 1.66667], "texture": "#2_0"},
				"east": {"uv": [9.66667, 1.33333, 10, 1.66667], "texture": "#2_0"},
				"south": {"uv": [8.33333, 1.33333, 9.66667, 1.66667], "texture": "#2_0"},
				"west": {"uv": [8, 1.33333, 8.33333, 1.66667], "texture": "#2_0"},
				"up": {"uv": [8.33333, 1.33333, 8, 0], "rotation": 270, "texture": "#2_0"},
				"down": {"uv": [8.66667, 0, 8.33333, 1.33333], "rotation": 90, "texture": "#2_0"}
			}
		},
		{
			"from": [10, 1, 7],
			"to": [14, 2, 8],
			"rotation": {"angle": 0, "axis": "y", "origin": [6.5, 7, 5]},
			"faces": {
				"north": {"uv": [4, 8, 5.33333, 8.33333], "texture": "#2_0"},
				"east": {"uv": [7, 8, 7.33333, 8.33333], "texture": "#2_0"},
				"south": {"uv": [5.66667, 8, 7, 8.33333], "texture": "#2_0"},
				"west": {"uv": [5.33333, 8, 5.66667, 8.33333], "texture": "#2_0"},
				"up": {"uv": [5.66667, 8, 5.33333, 6.66667], "rotation": 270, "texture": "#2_0"},
				"down": {"uv": [6, 6.66667, 5.66667, 8], "rotation": 90, "texture": "#2_0"}
			}
		},
		{
			"from": [11, 7, 5],
			"to": [13, 8, 6],
			"rotation": {"angle": 0, "axis": "y", "origin": [6.5, 7, 5]},
			"faces": {
				"north": {"uv": [0, 3.33333, 0.66667, 3.66667], "texture": "#2_0"},
				"east": {"uv": [1.66667, 3.33333, 2, 3.66667], "texture": "#2_0"},
				"south": {"uv": [1, 3.33333, 1.66667, 3.66667], "texture": "#2_0"},
				"west": {"uv": [0.66667, 3.33333, 1, 3.66667], "texture": "#2_0"},
				"up": {"uv": [1, 3.33333, 0.66667, 2.66667], "rotation": 270, "texture": "#2_0"},
				"down": {"uv": [1.33333, 2.66667, 1, 3.33333], "rotation": 90, "texture": "#2_0"}
			}
		},
		{
			"from": [11, 7, 2],
			"to": [13, 8, 3],
			"rotation": {"angle": 0, "axis": "y", "origin": [6.5, 7, 5]},
			"faces": {
				"north": {"uv": [0, 2.33333, 0.66667, 2.66667], "texture": "#2_0"},
				"east": {"uv": [1.66667, 2.33333, 2, 2.66667], "texture": "#2_0"},
				"south": {"uv": [1, 2.33333, 1.66667, 2.66667], "texture": "#2_0"},
				"west": {"uv": [0.66667, 2.33333, 1, 2.66667], "texture": "#2_0"},
				"up": {"uv": [1, 2.33333, 0.66667, 1.66667], "rotation": 270, "texture": "#2_0"},
				"down": {"uv": [1.33333, 1.66667, 1, 2.33333], "rotation": 90, "texture": "#2_0"}
			}
		},
		{
			"from": [10, 7, 6],
			"to": [14, 8, 7],
			"rotation": {"angle": 0, "axis": "y", "origin": [6.5, 7, 5]},
			"faces": {
				"north": {"uv": [0, 8, 1.33333, 8.33333], "texture": "#2_0"},
				"east": {"uv": [3, 8, 3.33333, 8.33333], "texture": "#2_0"},
				"south": {"uv": [1.66667, 8, 3, 8.33333], "texture": "#2_0"},
				"west": {"uv": [1.33333, 8, 1.66667, 8.33333], "texture": "#2_0"},
				"up": {"uv": [1.66667, 8, 1.33333, 6.66667], "rotation": 270, "texture": "#2_0"},
				"down": {"uv": [2, 6.66667, 1.66667, 8], "rotation": 90, "texture": "#2_0"}
			}
		},
		{
			"from": [9, 0, 2],
			"to": [10, 1, 6],
			"rotation": {"angle": 0, "axis": "y", "origin": [6.5, 7, 5]},
			"faces": {
				"north": {"uv": [8.66667, 9, 9, 9.33333], "texture": "#2_0"},
				"east": {"uv": [10.66667, 9, 12, 9.33333], "texture": "#2_0"},
				"south": {"uv": [10.33333, 9, 10.66667, 9.33333], "texture": "#2_0"},
				"west": {"uv": [9, 9, 10.33333, 9.33333], "texture": "#2_0"},
				"up": {"uv": [10.33333, 9, 9, 8.66667], "rotation": 270, "texture": "#2_0"},
				"down": {"uv": [11.66667, 8.66667, 10.33333, 9], "rotation": 90, "texture": "#2_0"}
			}
		},
		{
			"from": [8, 6, 2],
			"to": [9, 7, 6],
			"rotation": {"angle": 0, "axis": "y", "origin": [6.5, 7, 5]},
			"faces": {
				"north": {"uv": [8, 7, 8.33333, 7.33333], "texture": "#2_0"},
				"east": {"uv": [10, 7, 11.33333, 7.33333], "texture": "#2_0"},
				"south": {"uv": [9.66667, 7, 10, 7.33333], "texture": "#2_0"},
				"west": {"uv": [8.33333, 7, 9.66667, 7.33333], "texture": "#2_0"},
				"up": {"uv": [9.66667, 7, 8.33333, 6.66667], "rotation": 270, "texture": "#2_0"},
				"down": {"uv": [11, 6.66667, 9.66667, 7], "rotation": 90, "texture": "#2_0"}
			}
		},
		{
			"from": [15, 6, 2],
			"to": [16, 7, 6],
			"rotation": {"angle": 0, "axis": "y", "origin": [6.5, 7, 5]},
			"faces": {
				"north": {"uv": [8, 6.33333, 8.33333, 6.66667], "texture": "#2_0"},
				"east": {"uv": [10, 6.33333, 11.33333, 6.66667], "texture": "#2_0"},
				"south": {"uv": [9.66667, 6.33333, 10, 6.66667], "texture": "#2_0"},
				"west": {"uv": [8.33333, 6.33333, 9.66667, 6.66667], "texture": "#2_0"},
				"up": {"uv": [9.66667, 6.33333, 8.33333, 6], "rotation": 270, "texture": "#2_0"},
				"down": {"uv": [11, 6, 9.66667, 6.33333], "rotation": 90, "texture": "#2_0"}
			}
		},
		{
			"from": [10, 6, 0],
			"to": [14, 7, 1],
			"rotation": {"angle": 0, "axis": "y", "origin": [6.5, 7, 5]},
			"faces": {
				"north": {"uv": [2, 7.66667, 3.33333, 8], "texture": "#2_0"},
				"east": {"uv": [5, 7.66667, 5.33333, 8], "texture": "#2_0"},
				"south": {"uv": [3.66667, 7.66667, 5, 8], "texture": "#2_0"},
				"west": {"uv": [3.33333, 7.66667, 3.66667, 8], "texture": "#2_0"},
				"up": {"uv": [3.66667, 7.66667, 3.33333, 6.33333], "rotation": 270, "texture": "#2_0"},
				"down": {"uv": [4, 6.33333, 3.66667, 7.66667], "rotation": 90, "texture": "#2_0"}
			}
		},
		{
			"from": [10, 6, 7],
			"to": [14, 7, 8],
			"rotation": {"angle": 0, "axis": "y", "origin": [6.5, 7, 5]},
			"faces": {
				"north": {"uv": [6, 7.33333, 7.33333, 7.66667], "texture": "#2_0"},
				"east": {"uv": [9, 7.33333, 9.33333, 7.66667], "texture": "#2_0"},
				"south": {"uv": [7.66667, 7.33333, 9, 7.66667], "texture": "#2_0"},
				"west": {"uv": [7.33333, 7.33333, 7.66667, 7.66667], "texture": "#2_0"},
				"up": {"uv": [7.66667, 7.33333, 7.33333, 6], "rotation": 270, "texture": "#2_0"},
				"down": {"uv": [8, 6, 7.66667, 7.33333], "rotation": 90, "texture": "#2_0"}
			}
		},
		{
			"from": [14, 6, 6],
			"to": [15, 7, 7],
			"rotation": {"angle": 0, "axis": "y", "origin": [6.5, 7, 5]},
			"faces": {
				"north": {"uv": [5.33333, 1, 5.66667, 1.33333], "texture": "#2_0"},
				"east": {"uv": [6.33333, 1, 6.66667, 1.33333], "texture": "#2_0"},
				"south": {"uv": [6, 1, 6.33333, 1.33333], "texture": "#2_0"},
				"west": {"uv": [5.66667, 1, 6, 1.33333], "texture": "#2_0"},
				"up": {"uv": [6, 1, 5.66667, 0.66667], "rotation": 270, "texture": "#2_0"},
				"down": {"uv": [6.33333, 0.66667, 6, 1], "rotation": 90, "texture": "#2_0"}
			}
		},
		{
			"from": [14, 1, 6],
			"to": [15, 2, 7],
			"rotation": {"angle": 0, "axis": "y", "origin": [6.5, 7, 5]},
			"faces": {
				"north": {"uv": [5.33333, 0.33333, 5.66667, 0.66667], "texture": "#2_0"},
				"east": {"uv": [6.33333, 0.33333, 6.66667, 0.66667], "texture": "#2_0"},
				"south": {"uv": [6, 0.33333, 6.33333, 0.66667], "texture": "#2_0"},
				"west": {"uv": [5.66667, 0.33333, 6, 0.66667], "texture": "#2_0"},
				"up": {"uv": [6, 0.33333, 5.66667, 0], "rotation": 270, "texture": "#2_0"},
				"down": {"uv": [6.33333, 0, 6, 0.33333], "rotation": 90, "texture": "#2_0"}
			}
		},
		{
			"from": [14, 6, 1],
			"to": [15, 7, 2],
			"rotation": {"angle": 0, "axis": "y", "origin": [6.5, 7, 5]},
			"faces": {
				"north": {"uv": [0, 5.33333, 0.33333, 5.66667], "texture": "#2_0"},
				"east": {"uv": [1, 5.33333, 1.33333, 5.66667], "texture": "#2_0"},
				"south": {"uv": [0.66667, 5.33333, 1, 5.66667], "texture": "#2_0"},
				"west": {"uv": [0.33333, 5.33333, 0.66667, 5.66667], "texture": "#2_0"},
				"up": {"uv": [0.66667, 5.33333, 0.33333, 5], "rotation": 270, "texture": "#2_0"},
				"down": {"uv": [1, 5, 0.66667, 5.33333], "rotation": 90, "texture": "#2_0"}
			}
		},
		{
			"from": [14, 1, 1],
			"to": [15, 2, 2],
			"rotation": {"angle": 0, "axis": "y", "origin": [6.5, 7, 5]},
			"faces": {
				"north": {"uv": [3.66667, 2.33333, 4, 2.66667], "texture": "#2_0"},
				"east": {"uv": [4.66667, 2.33333, 5, 2.66667], "texture": "#2_0"},
				"south": {"uv": [4.33333, 2.33333, 4.66667, 2.66667], "texture": "#2_0"},
				"west": {"uv": [4, 2.33333, 4.33333, 2.66667], "texture": "#2_0"},
				"up": {"uv": [4.33333, 2.33333, 4, 2], "rotation": 270, "texture": "#2_0"},
				"down": {"uv": [4.66667, 2, 4.33333, 2.33333], "rotation": 90, "texture": "#2_0"}
			}
		},
		{
			"from": [9, 6, 6],
			"to": [10, 7, 7],
			"rotation": {"angle": 0, "axis": "y", "origin": [6.5, 7, 5]},
			"faces": {
				"north": {"uv": [2.66667, 2, 3, 2.33333], "texture": "#2_0"},
				"east": {"uv": [3.66667, 2, 4, 2.33333], "texture": "#2_0"},
				"south": {"uv": [3.33333, 2, 3.66667, 2.33333], "texture": "#2_0"},
				"west": {"uv": [3, 2, 3.33333, 2.33333], "texture": "#2_0"},
				"up": {"uv": [3.33333, 2, 3, 1.66667], "rotation": 270, "texture": "#2_0"},
				"down": {"uv": [3.66667, 1.66667, 3.33333, 2], "rotation": 90, "texture": "#2_0"}
			}
		},
		{
			"from": [9, 1, 6],
			"to": [10, 2, 7],
			"rotation": {"angle": 0, "axis": "y", "origin": [6.5, 7, 5]},
			"faces": {
				"north": {"uv": [2.66667, 3, 3, 3.33333], "texture": "#2_0"},
				"east": {"uv": [3.66667, 3, 4, 3.33333], "texture": "#2_0"},
				"south": {"uv": [3.33333, 3, 3.66667, 3.33333], "texture": "#2_0"},
				"west": {"uv": [3, 3, 3.33333, 3.33333], "texture": "#2_0"},
				"up": {"uv": [3.33333, 3, 3, 2.66667], "rotation": 270, "texture": "#2_0"},
				"down": {"uv": [3.66667, 2.66667, 3.33333, 3], "rotation": 90, "texture": "#2_0"}
			}
		},
		{
			"from": [9, 6, 1],
			"to": [10, 7, 2],
			"rotation": {"angle": 0, "axis": "y", "origin": [6.5, 7, 5]},
			"faces": {
				"north": {"uv": [0, 1, 0.33333, 1.33333], "texture": "#2_0"},
				"east": {"uv": [1, 1, 1.33333, 1.33333], "texture": "#2_0"},
				"south": {"uv": [0.66667, 1, 1, 1.33333], "texture": "#2_0"},
				"west": {"uv": [0.33333, 1, 0.66667, 1.33333], "texture": "#2_0"},
				"up": {"uv": [0.66667, 1, 0.33333, 0.66667], "rotation": 270, "texture": "#2_0"},
				"down": {"uv": [1, 0.66667, 0.66667, 1], "rotation": 90, "texture": "#2_0"}
			}
		},
		{
			"from": [9, 1, 1],
			"to": [10, 2, 2],
			"rotation": {"angle": 0, "axis": "y", "origin": [6.5, 7, 5]},
			"faces": {
				"north": {"uv": [0, 0.33333, 0.33333, 0.66667], "texture": "#2_0"},
				"east": {"uv": [1, 0.33333, 1.33333, 0.66667], "texture": "#2_0"},
				"south": {"uv": [0.66667, 0.33333, 1, 0.66667], "texture": "#2_0"},
				"west": {"uv": [0.33333, 0.33333, 0.66667, 0.66667], "texture": "#2_0"},
				"up": {"uv": [0.66667, 0.33333, 0.33333, 0], "rotation": 270, "texture": "#2_0"},
				"down": {"uv": [1, 0, 0.66667, 0.33333], "rotation": 90, "texture": "#2_0"}
			}
		}
	],
	"groups": [
		{
			"name": "equipment2",
			"origin": [8, 8, 8],
			"children": [
				{
					"name": "group",
					"origin": [8, 10, 8],
					"children": [
						{
							"name": "group",
							"origin": [8, 10, 8],
							"children": [0, 1, 2, 3]
						}, 4, 5, 6, 7, 8, 9, 10, 11, 12, 13, 14, 15, 16, 17, 18, 19, 20, 21, 22, 23, 24, 25, 26, 27, 28, 29, 30, 31, 32]
				}
			]
		},
		{
			"name": "equipment2",
			"origin": [8, 8, 8],
			"children": [
				{
					"name": "group",
					"origin": [8, 10, 8],
					"children": [
						{
							"name": "group",
							"origin": [8, 10, 8],
							"children": [33, 34, 35, 36]
						}, 37, 38, 39, 40, 41, 42, 43, 44, 45, 46, 47, 48, 49, 50, 51, 52, 53, 54, 55, 56, 57, 58, 59, 60, 61, 62, 63, 64, 65]
				}
			]
		}
	]
}