{
	"credit": "By Limonchik_",
	"textures": {
		"0": "block/equipment1",
		"1": "block/fluid",
		"particle": "block/equipment1"
	},
	"elements": [
		{
			"from": [3, 1, 7],
			"to": [5, 10, 9],
			"rotation": {"angle": 22.5, "axis": "y", "origin": [8, 8, 8]},
			"faces": {
				"north": {"uv": [2, 2, 4, 11], "texture": "#1"},
				"east": {"uv": [0, 2, 2, 11], "texture": "#1"},
				"south": {"uv": [6, 2, 8, 11], "texture": "#1"},
				"west": {"uv": [4, 2, 6, 11], "texture": "#1"},
				"up": {"uv": [4, 2, 2, 0], "texture": "#1"},
				"down": {"uv": [6, 0, 4, 2], "texture": "#1"}
			}
		},
		{
			"from": [10.54955, 1, 12.29191],
			"to": [12.54955, 10, 14.29191],
			"rotation": {"angle": -22.5, "axis": "y", "origin": [15.54955, 13, 13.29191]},
			"faces": {
				"north": {"uv": [10, 2, 12, 11], "texture": "#1"},
				"east": {"uv": [8, 2, 10, 11], "texture": "#1"},
				"south": {"uv": [14, 2, 16, 11], "texture": "#1"},
				"west": {"uv": [12, 2, 14, 11], "texture": "#1"},
				"up": {"uv": [12, 2, 10, 0], "texture": "#1"},
				"down": {"uv": [14, 0, 12, 2], "texture": "#1"}
			}
		},
		{
			"from": [-1.24264, 1, 2.65685],
			"to": [0.75736, 8, 4.65685],
			"rotation": {"angle": -45, "axis": "y", "origin": [3.75736, 18, 13.65685]},
			"faces": {
				"north": {"uv": [10, 2, 12, 9], "texture": "#1"},
				"east": {"uv": [8, 2, 10, 9], "texture": "#1"},
				"south": {"uv": [14, 2, 16, 9], "texture": "#1"},
				"west": {"uv": [12, 2, 14, 9], "texture": "#1"},
				"up": {"uv": [12, 2, 10, 0], "texture": "#1"},
				"down": {"uv": [14, 0, 12, 2], "texture": "#1"}
			}
		},
		{
			"from": [1, 0, 6],
			"to": [7, 1, 10],
			"rotation": {"angle": 22.5, "axis": "y", "origin": [8, 8, 8]},
			"faces": {
				"north": {"uv": [1.33333, 1.33333, 3.33333, 1.66667], "texture": "#0"},
				"east": {"uv": [0, 1.33333, 1.33333, 1.66667], "texture": "#0"},
				"south": {"uv": [4.66667, 1.33333, 6.66667, 1.66667], "texture": "#0"},
				"west": {"uv": [3.33333, 1.33333, 4.66667, 1.66667], "texture": "#0"},
				"up": {"uv": [3.33333, 1.33333, 1.33333, 0], "texture": "#0"},
				"down": {"uv": [5.33333, 0, 3.33333, 1.33333], "texture": "#0"}
			}
		},
		{
			"from": [2, 0, 10],
			"to": [6, 1, 11],
			"rotation": {"angle": 22.5, "axis": "y", "origin": [8, 8, 8]},
			"faces": {
				"north": {"uv": [3.66667, 2, 5, 2.33333], "texture": "#0"},
				"east": {"uv": [3.33333, 2, 3.66667, 2.33333], "texture": "#0"},
				"south": {"uv": [5.33333, 2, 6.66667, 2.33333], "texture": "#0"},
				"west": {"uv": [5, 2, 5.33333, 2.33333], "texture": "#0"},
				"up": {"uv": [5, 2, 3.66667, 1.66667], "texture": "#0"},
				"down": {"uv": [6.33333, 1.66667, 5, 2], "texture": "#0"}
			}
		},
		{
			"from": [2, 0, 5],
			"to": [6, 1, 6],
			"rotation": {"angle": 22.5, "axis": "y", "origin": [8, 8, 8]},
			"faces": {
				"north": {"uv": [4.33333, 2.66667, 5.66667, 3], "texture": "#0"},
				"east": {"uv": [4, 2.66667, 4.33333, 3], "texture": "#0"},
				"south": {"uv": [6, 2.66667, 7.33333, 3], "texture": "#0"},
				"west": {"uv": [5.66667, 2.66667, 6, 3], "texture": "#0"},
				"up": {"uv": [5.66667, 2.66667, 4.33333, 2.33333], "texture": "#0"},
				"down": {"uv": [7, 2.33333, 5.66667, 2.66667], "texture": "#0"}
			}
		},
		{
			"from": [3, 1, 6],
			"to": [5, 15, 7],
			"rotation": {"angle": 22.5, "axis": "y", "origin": [8, 8, 8]},
			"faces": {
				"north": {"uv": [4.33333, 4.33333, 5, 9], "texture": "#0"},
				"east": {"uv": [4, 4.33333, 4.33333, 9], "texture": "#0"},
				"south": {"uv": [5.33333, 4.33333, 6, 9], "texture": "#0"},
				"west": {"uv": [5, 4.33333, 5.33333, 9], "texture": "#0"},
				"up": {"uv": [5, 4.33333, 4.33333, 4], "texture": "#0"},
				"down": {"uv": [5.66667, 4, 5, 4.33333], "texture": "#0"}
			}
		},
		{
			"from": [5, 1, 7],
			"to": [6, 15, 9],
			"rotation": {"angle": 22.5, "axis": "y", "origin": [8, 8, 8]},
			"faces": {
				"north": {"uv": [0.66667, 2.33333, 1, 7], "texture": "#0"},
				"east": {"uv": [0, 2.33333, 0.66667, 7], "texture": "#0"},
				"south": {"uv": [1.66667, 2.33333, 2, 7], "texture": "#0"},
				"west": {"uv": [1, 2.33333, 1.66667, 7], "texture": "#0"},
				"up": {"uv": [1, 2.33333, 0.66667, 1.66667], "texture": "#0"},
				"down": {"uv": [1.33333, 1.66667, 1, 2.33333], "texture": "#0"}
			}
		},
		{
			"from": [3, 1, 9],
			"to": [5, 15, 10],
			"rotation": {"angle": 22.5, "axis": "y", "origin": [8, 8, 8]},
			"faces": {
				"north": {"uv": [6.33333, 6.33333, 7, 11], "texture": "#0"},
				"east": {"uv": [6, 6.33333, 6.33333, 11], "texture": "#0"},
				"south": {"uv": [7.33333, 6.33333, 8, 11], "texture": "#0"},
				"west": {"uv": [7, 6.33333, 7.33333, 11], "texture": "#0"},
				"up": {"uv": [7, 6.33333, 6.33333, 6], "texture": "#0"},
				"down": {"uv": [7.66667, 6, 7, 6.33333], "texture": "#0"}
			}
		},
		{
			"from": [2, 1, 7],
			"to": [3, 15, 9],
			"rotation": {"angle": 22.5, "axis": "y", "origin": [8, 8, 8]},
			"faces": {
				"north": {"uv": [2.66667, 2.66667, 3, 7.33333], "texture": "#0"},
				"east": {"uv": [2, 2.66667, 2.66667, 7.33333], "texture": "#0"},
				"south": {"uv": [3.66667, 2.66667, 4, 7.33333], "texture": "#0"},
				"west": {"uv": [3, 2.66667, 3.66667, 7.33333], "texture": "#0"},
				"up": {"uv": [3, 2.66667, 2.66667, 2], "texture": "#0"},
				"down": {"uv": [3.33333, 2, 3, 2.66667], "texture": "#0"}
			}
		},
		{
			"from": [2, 0, 3],
			"to": [8, 1, 7],
			"rotation": {"angle": -45, "axis": "y", "origin": [8, 8, 8]},
			"faces": {
				"north": {"uv": [1.33333, 1.33333, 3.33333, 1.66667], "texture": "#0"},
				"east": {"uv": [0, 1.33333, 1.33333, 1.66667], "texture": "#0"},
				"south": {"uv": [4.66667, 1.33333, 6.66667, 1.66667], "texture": "#0"},
				"west": {"uv": [3.33333, 1.33333, 4.66667, 1.66667], "texture": "#0"},
				"up": {"uv": [3.33333, 1.33333, 1.33333, 0], "texture": "#0"},
				"down": {"uv": [5.33333, 0, 3.33333, 1.33333], "texture": "#0"}
			}
		},
		{
			"from": [3, 0, 7],
			"to": [7, 1, 8],
			"rotation": {"angle": -45, "axis": "y", "origin": [8, 8, 8]},
			"faces": {
				"north": {"uv": [3.66667, 2, 5, 2.33333], "texture": "#0"},
				"east": {"uv": [3.33333, 2, 3.66667, 2.33333], "texture": "#0"},
				"south": {"uv": [5.33333, 2, 6.66667, 2.33333], "texture": "#0"},
				"west": {"uv": [5, 2, 5.33333, 2.33333], "texture": "#0"},
				"up": {"uv": [5, 2, 3.66667, 1.66667], "texture": "#0"},
				"down": {"uv": [6.33333, 1.66667, 5, 2], "texture": "#0"}
			}
		},
		{
			"from": [3, 0, 2],
			"to": [7, 1, 3],
			"rotation": {"angle": -45, "axis": "y", "origin": [8, 8, 8]},
			"faces": {
				"north": {"uv": [4.33333, 2.66667, 5.66667, 3], "texture": "#0"},
				"east": {"uv": [4, 2.66667, 4.33333, 3], "texture": "#0"},
				"south": {"uv": [6, 2.66667, 7.33333, 3], "texture": "#0"},
				"west": {"uv": [5.66667, 2.66667, 6, 3], "texture": "#0"},
				"up": {"uv": [5.66667, 2.66667, 4.33333, 2.33333], "texture": "#0"},
				"down": {"uv": [7, 2.33333, 5.66667, 2.66667], "texture": "#0"}
			}
		},
		{
			"from": [4, 1, 3],
			"to": [6, 15, 4],
			"rotation": {"angle": -45, "axis": "y", "origin": [8, 8, 8]},
			"faces": {
				"north": {"uv": [4.33333, 4.33333, 5, 9], "texture": "#0"},
				"east": {"uv": [4, 4.33333, 4.33333, 9], "texture": "#0"},
				"south": {"uv": [5.33333, 4.33333, 6, 9], "texture": "#0"},
				"west": {"uv": [5, 4.33333, 5.33333, 9], "texture": "#0"},
				"up": {"uv": [5, 4.33333, 4.33333, 4], "texture": "#0"},
				"down": {"uv": [5.66667, 4, 5, 4.33333], "texture": "#0"}
			}
		},
		{
			"from": [6, 1, 4],
			"to": [7, 15, 6],
			"rotation": {"angle": -45, "axis": "y", "origin": [8, 8, 8]},
			"faces": {
				"north": {"uv": [0.66667, 2.33333, 1, 7], "texture": "#0"},
				"east": {"uv": [0, 2.33333, 0.66667, 7], "texture": "#0"},
				"south": {"uv": [1.66667, 2.33333, 2, 7], "texture": "#0"},
				"west": {"uv": [1, 2.33333, 1.66667, 7], "texture": "#0"},
				"up": {"uv": [1, 2.33333, 0.66667, 1.66667], "texture": "#0"},
				"down": {"uv": [1.33333, 1.66667, 1, 2.33333], "texture": "#0"}
			}
		},
		{
			"from": [4, 1, 6],
			"to": [6, 15, 7],
			"rotation": {"angle": -45, "axis": "y", "origin": [8, 8, 8]},
			"faces": {
				"north": {"uv": [6.33333, 6.33333, 7, 11], "texture": "#0"},
				"east": {"uv": [6, 6.33333, 6.33333, 11], "texture": "#0"},
				"south": {"uv": [7.33333, 6.33333, 8, 11], "texture": "#0"},
				"west": {"uv": [7, 6.33333, 7.33333, 11], "texture": "#0"},
				"up": {"uv": [7, 6.33333, 6.33333, 6], "texture": "#0"},
				"down": {"uv": [7.66667, 6, 7, 6.33333], "texture": "#0"}
			}
		},
		{
			"from": [3, 1, 4],
			"to": [4, 15, 6],
			"rotation": {"angle": -45, "axis": "y", "origin": [8, 8, 8]},
			"faces": {
				"north": {"uv": [2.66667, 2.66667, 3, 7.33333], "texture": "#0"},
				"east": {"uv": [2, 2.66667, 2.66667, 7.33333], "texture": "#0"},
				"south": {"uv": [3.66667, 2.66667, 4, 7.33333], "texture": "#0"},
				"west": {"uv": [3, 2.66667, 3.66667, 7.33333], "texture": "#0"},
				"up": {"uv": [3, 2.66667, 2.66667, 2], "texture": "#0"},
				"down": {"uv": [3.33333, 2, 3, 2.66667], "texture": "#0"}
			}
		},
		{
			"from": [10, 0, 8],
			"to": [16, 1, 12],
			"rotation": {"angle": -22.5, "axis": "y", "origin": [8, 8, 8]},
			"faces": {
				"north": {"uv": [1.33333, 1.33333, 3.33333, 1.66667], "texture": "#0"},
				"east": {"uv": [0, 1.33333, 1.33333, 1.66667], "texture": "#0"},
				"south": {"uv": [4.66667, 1.33333, 6.66667, 1.66667], "texture": "#0"},
				"west": {"uv": [3.33333, 1.33333, 4.66667, 1.66667], "texture": "#0"},
				"up": {"uv": [3.33333, 1.33333, 1.33333, 0], "texture": "#0"},
				"down": {"uv": [5.33333, 0, 3.33333, 1.33333], "texture": "#0"}
			}
		},
		{
			"from": [11, 0, 12],
			"to": [15, 1, 13],
			"rotation": {"angle": -22.5, "axis": "y", "origin": [8, 8, 8]},
			"faces": {
				"north": {"uv": [3.66667, 2, 5, 2.33333], "texture": "#0"},
				"east": {"uv": [3.33333, 2, 3.66667, 2.33333], "texture": "#0"},
				"south": {"uv": [5.33333, 2, 6.66667, 2.33333], "texture": "#0"},
				"west": {"uv": [5, 2, 5.33333, 2.33333], "texture": "#0"},
				"up": {"uv": [5, 2, 3.66667, 1.66667], "texture": "#0"},
				"down": {"uv": [6.33333, 1.66667, 5, 2], "texture": "#0"}
			}
		},
		{
			"from": [11, 0, 7],
			"to": [15, 1, 8],
			"rotation": {"angle": -22.5, "axis": "y", "origin": [8, 8, 8]},
			"faces": {
				"north": {"uv": [4.33333, 2.66667, 5.66667, 3], "texture": "#0"},
				"east": {"uv": [4, 2.66667, 4.33333, 3], "texture": "#0"},
				"south": {"uv": [6, 2.66667, 7.33333, 3], "texture": "#0"},
				"west": {"uv": [5.66667, 2.66667, 6, 3], "texture": "#0"},
				"up": {"uv": [5.66667, 2.66667, 4.33333, 2.33333], "texture": "#0"},
				"down": {"uv": [7, 2.33333, 5.66667, 2.66667], "texture": "#0"}
			}
		},
		{
			"from": [12, 1, 8],
			"to": [14, 15, 9],
			"rotation": {"angle": -22.5, "axis": "y", "origin": [8, 8, 8]},
			"faces": {
				"north": {"uv": [4.33333, 4.33333, 5, 9], "texture": "#0"},
				"east": {"uv": [4, 4.33333, 4.33333, 9], "texture": "#0"},
				"south": {"uv": [5.33333, 4.33333, 6, 9], "texture": "#0"},
				"west": {"uv": [5, 4.33333, 5.33333, 9], "texture": "#0"},
				"up": {"uv": [5, 4.33333, 4.33333, 4], "texture": "#0"},
				"down": {"uv": [5.66667, 4, 5, 4.33333], "texture": "#0"}
			}
		},
		{
			"from": [14, 1, 9],
			"to": [15, 15, 11],
			"rotation": {"angle": -22.5, "axis": "y", "origin": [8, 8, 8]},
			"faces": {
				"north": {"uv": [0.66667, 2.33333, 1, 7], "texture": "#0"},
				"east": {"uv": [0, 2.33333, 0.66667, 7], "texture": "#0"},
				"south": {"uv": [1.66667, 2.33333, 2, 7], "texture": "#0"},
				"west": {"uv": [1, 2.33333, 1.66667, 7], "texture": "#0"},
				"up": {"uv": [1, 2.33333, 0.66667, 1.66667], "texture": "#0"},
				"down": {"uv": [1.33333, 1.66667, 1, 2.33333], "texture": "#0"}
			}
		},
		{
			"from": [12, 1, 11],
			"to": [14, 15, 12],
			"rotation": {"angle": -22.5, "axis": "y", "origin": [8, 8, 8]},
			"faces": {
				"north": {"uv": [6.33333, 6.33333, 7, 11], "texture": "#0"},
				"east": {"uv": [6, 6.33333, 6.33333, 11], "texture": "#0"},
				"south": {"uv": [7.33333, 6.33333, 8, 11], "texture": "#0"},
				"west": {"uv": [7, 6.33333, 7.33333, 11], "texture": "#0"},
				"up": {"uv": [7, 6.33333, 6.33333, 6], "texture": "#0"},
				"down": {"uv": [7.66667, 6, 7, 6.33333], "texture": "#0"}
			}
		},
		{
			"from": [11, 1, 9],
			"to": [12, 15, 11],
			"rotation": {"angle": -22.5, "axis": "y", "origin": [8, 8, 8]},
			"faces": {
				"north": {"uv": [2.66667, 2.66667, 3, 7.33333], "texture": "#0"},
				"east": {"uv": [2, 2.66667, 2.66667, 7.33333], "texture": "#0"},
				"south": {"uv": [3.66667, 2.66667, 4, 7.33333], "texture": "#0"},
				"west": {"uv": [3, 2.66667, 3.66667, 7.33333], "texture": "#0"},
				"up": {"uv": [3, 2.66667, 2.66667, 2], "texture": "#0"},
				"down": {"uv": [3.33333, 2, 3, 2.66667], "texture": "#0"}
			}
		}
	],
	"groups": [0, 1, 2,
		{
			"name": "equipment1",
			"origin": [8, 8, 8],
			"children": [3, 4, 5, 6, 7, 8, 9]
		},
		{
			"name": "equipment1",
			"origin": [8, 8, 8],
			"children": [10, 11, 12, 13, 14, 15, 16]
		},
		{
			"name": "equipment1",
			"origin": [8, 8, 8],
			"children": [17, 18, 19, 20, 21, 22, 23]
		}
	]
}