{
	"credit": "By Limonchik_",
	"textures": {
		"0": "block/wooden_table",
		"particle": "block/wooden_table"
	},
	"elements": [
		{
			"from": [1, 0, 1],
			"to": [4, 14, 4],
			"rotation": {"angle": 0, "axis": "y", "origin": [9, 8, 9]},
			"faces": {
				"north": {"uv": [0.75, 9.5, 1.5, 13], "texture": "#0"},
				"east": {"uv": [0, 9.5, 0.75, 13], "texture": "#0"},
				"south": {"uv": [2.25, 9.5, 3, 13], "texture": "#0"},
				"west": {"uv": [1.5, 9.5, 2.25, 13], "texture": "#0"},
				"down": {"uv": [2.25, 8.75, 1.5, 9.5], "texture": "#0"}
			}
		},
		{
			"from": [12, 0, 1],
			"to": [15, 14, 4],
			"rotation": {"angle": 0, "axis": "y", "origin": [20, 8, 9]},
			"faces": {
				"north": {"uv": [6.75, 6.75, 7.5, 10.25], "texture": "#0"},
				"east": {"uv": [6, 6.75, 6.75, 10.25], "texture": "#0"},
				"south": {"uv": [8.25, 6.75, 9, 10.25], "texture": "#0"},
				"west": {"uv": [7.5, 6.75, 8.25, 10.25], "texture": "#0"},
				"down": {"uv": [8.25, 6, 7.5, 6.75], "texture": "#0"}
			}
		},
		{
			"from": [12, 0, 12],
			"to": [15, 14, 15],
			"rotation": {"angle": 0, "axis": "y", "origin": [20, 8, 20]},
			"faces": {
				"north": {"uv": [3.75, 5.25, 4.5, 8.75], "texture": "#0"},
				"east": {"uv": [3, 5.25, 3.75, 8.75], "texture": "#0"},
				"south": {"uv": [5.25, 5.25, 6, 8.75], "texture": "#0"},
				"west": {"uv": [4.5, 5.25, 5.25, 8.75], "texture": "#0"},
				"down": {"uv": [5.25, 4.5, 4.5, 5.25], "texture": "#0"}
			}
		},
		{
			"from": [1, 0, 12],
			"to": [4, 14, 15],
			"rotation": {"angle": 0, "axis": "y", "origin": [9, 8, 20]},
			"faces": {
				"north": {"uv": [0.75, 5.25, 1.5, 8.75], "texture": "#0"},
				"east": {"uv": [0, 5.25, 0.75, 8.75], "texture": "#0"},
				"south": {"uv": [2.25, 5.25, 3, 8.75], "texture": "#0"},
				"west": {"uv": [1.5, 5.25, 2.25, 8.75], "texture": "#0"},
				"down": {"uv": [2.25, 4.5, 1.5, 5.25], "texture": "#0"}
			}
		},
		{
			"from": [0, 14, 0],
			"to": [16, 16, 16],
			"rotation": {"angle": 0, "axis": "y", "origin": [9, 10, 20]},
			"faces": {
				"north": {"uv": [4, 4, 8, 4.5], "texture": "#0"},
				"east": {"uv": [0, 4, 4, 4.5], "texture": "#0"},
				"south": {"uv": [12, 4, 16, 4.5], "texture": "#0"},
				"west": {"uv": [8, 4, 12, 4.5], "texture": "#0"},
				"up": {"uv": [8, 4, 4, 0], "texture": "#0"},
				"down": {"uv": [12, 0, 8, 4], "texture": "#0"}
			}
		},
		{
			"from": [13, 12, 4],
			"to": [14, 14, 12],
			"rotation": {"angle": 0, "axis": "y", "origin": [-15, 8, 9]},
			"faces": {
				"east": {"uv": [3, 10.75, 5, 11.25], "texture": "#0"},
				"west": {"uv": [5.25, 10.75, 7.25, 11.25], "texture": "#0"},
				"down": {"uv": [5.5, 8.75, 5.25, 10.75], "texture": "#0"}
			}
		},
		{
			"from": [2, 12, 4],
			"to": [3, 14, 12],
			"rotation": {"angle": 0, "axis": "y", "origin": [-15, 8, 9]},
			"faces": {
				"east": {"uv": [7, 10.25, 9, 10.75], "texture": "#0"},
				"west": {"uv": [9.25, 10.25, 11.25, 10.75], "texture": "#0"},
				"down": {"uv": [9.5, 8.25, 9.25, 10.25], "texture": "#0"}
			}
		},
		{
			"from": [4, 12, 13],
			"to": [12, 14, 14],
			"rotation": {"angle": 0, "axis": "y", "origin": [9, 8, 31]},
			"faces": {
				"north": {"uv": [6.25, 5.5, 8.25, 6], "texture": "#0"},
				"south": {"uv": [8.5, 5.5, 10.5, 6], "texture": "#0"},
				"down": {"uv": [10.25, 5.25, 8.25, 5.5], "texture": "#0"}
			}
		},
		{
			"from": [4, 12, 2],
			"to": [12, 14, 3],
			"rotation": {"angle": 0, "axis": "y", "origin": [9, 8, 20]},
			"faces": {
				"north": {"uv": [5.5, 4.75, 7.5, 5.25], "texture": "#0"},
				"south": {"uv": [7.75, 4.75, 9.75, 5.25], "texture": "#0"},
				"down": {"uv": [9.5, 4.5, 7.5, 4.75], "texture": "#0"}
			}
		}
	],
	"display": {
		"thirdperson_righthand": {
			"rotation": [75, 45, 0],
			"translation": [0, 2.5, 0],
			"scale": [0.375, 0.375, 0.375]
		},
		"thirdperson_lefthand": {
			"rotation": [75, 45, 0],
			"translation": [0, 2.5, 0],
			"scale": [0.375, 0.375, 0.375]
		},
		"firstperson_righthand": {
			"rotation": [0, 45, 0],
			"scale": [0.4, 0.4, 0.4]
		},
		"firstperson_lefthand": {
			"rotation": [0, 225, 0],
			"scale": [0.4, 0.4, 0.4]
		},
		"ground": {
			"translation": [0, 3, 0],
			"scale": [0.25, 0.25, 0.25]
		},
		"gui": {
			"rotation": [30, 225, 0],
			"scale": [0.625, 0.625, 0.625]
		},
		"head": {
			"translation": [0, -30.409, 0],
			"scale": [1.59883, 1.59883, 1.59883]
		},
		"fixed": {
			"scale": [0.5, 0.5, 0.5]
		}
	},
	"groups": [
		{
			"name": "group",
			"origin": [9, 8, 20],
			"children": [0, 1, 2, 3, 4, 5, 6, 7, 8]
		}
	]
}