{
	"credit": "By Limonchik_",
	"textures": {
		"0": "block/plate",
		"particle": "block/plate"
	},
	"elements": [
		{
			"from": [7, 0, 1.75],
			"to": [12, 0.5, 2.75],
			"rotation": {"angle": 0, "axis": "y", "origin": [16, 8, 10.25]},
			"faces": {
				"north": {"uv": [8.5, 4, 11, 4.5], "texture": "#0"},
				"east": {"uv": [8, 4, 8.5, 4.5], "texture": "#0"},
				"south": {"uv": [11.5, 4, 14, 4.5], "texture": "#0"},
				"west": {"uv": [11, 4, 11.5, 4.5], "texture": "#0"},
				"up": {"uv": [11, 4, 8.5, 3.5], "texture": "#0"},
				"down": {"uv": [13.5, 3.5, 11, 4], "texture": "#0"}
			}
		},
		{
			"from": [6, 0, 1],
			"to": [7, 0.5, 3.5],
			"rotation": {"angle": 0, "axis": "y", "origin": [15, 8, 10.5]},
			"faces": {
				"north": {"uv": [1, 1, 1.5, 1.5], "texture": "#0"},
				"east": {"uv": [0, 1, 1, 1.5], "texture": "#0"},
				"south": {"uv": [2.5, 1, 3, 1.5], "texture": "#0"},
				"west": {"uv": [1.5, 1, 2.5, 1.5], "texture": "#0"},
				"up": {"uv": [1.5, 1, 1, 0], "texture": "#0"},
				"down": {"uv": [2, 0, 1.5, 1], "texture": "#0"}
			}
		},
		{
			"from": [4, 0, 3],
			"to": [6, 0.5, 3.5],
			"rotation": {"angle": 0, "axis": "y", "origin": [13, 8, 10.5]},
			"faces": {
				"north": {"uv": [4.5, 4.5, 5.5, 5], "texture": "#0"},
				"east": {"uv": [4, 4.5, 4.5, 5], "texture": "#0"},
				"south": {"uv": [6, 4.5, 7, 5], "texture": "#0"},
				"west": {"uv": [5.5, 4.5, 6, 5], "texture": "#0"},
				"up": {"uv": [5.5, 4.5, 4.5, 4], "texture": "#0"},
				"down": {"uv": [6.5, 4, 5.5, 4.5], "texture": "#0"}
			}
		},
		{
			"from": [4, 0, 2],
			"to": [6, 0.5, 2.5],
			"rotation": {"angle": 0, "axis": "y", "origin": [13, 8, 9.5]},
			"faces": {
				"north": {"uv": [0.5, 4, 1.5, 4.5], "texture": "#0"},
				"east": {"uv": [0, 4, 0.5, 4.5], "texture": "#0"},
				"south": {"uv": [2, 4, 3, 4.5], "texture": "#0"},
				"west": {"uv": [1.5, 4, 2, 4.5], "texture": "#0"},
				"up": {"uv": [1.5, 4, 0.5, 3.5], "texture": "#0"},
				"down": {"uv": [2.5, 3.5, 1.5, 4], "texture": "#0"}
			}
		},
		{
			"from": [4, 0, 1],
			"to": [6, 0.5, 1.5],
			"rotation": {"angle": 0, "axis": "y", "origin": [13, 8, 8.5]},
			"faces": {
				"north": {"uv": [0.5, 2, 1.5, 2.5], "texture": "#0"},
				"east": {"uv": [0, 2, 0.5, 2.5], "texture": "#0"},
				"south": {"uv": [2, 2, 3, 2.5], "texture": "#0"},
				"west": {"uv": [1.5, 2, 2, 2.5], "texture": "#0"},
				"up": {"uv": [1.5, 2, 0.5, 1.5], "texture": "#0"},
				"down": {"uv": [2.5, 1.5, 1.5, 2], "texture": "#0"}
			}
		},
		{
			"from": [5, 0, 5],
			"to": [11, 1, 11],
			"faces": {
				"north": {"uv": [3, 3, 6, 3.5], "texture": "#0"},
				"east": {"uv": [0, 3, 3, 3.5], "texture": "#0"},
				"south": {"uv": [9, 3, 12, 3.5], "texture": "#0"},
				"west": {"uv": [6, 3, 9, 3.5], "texture": "#0"},
				"up": {"uv": [6, 3, 3, 0], "texture": "#0"},
				"down": {"uv": [9, 0, 6, 3], "texture": "#0"}
			}
		},
		{
			"from": [4, 1, 5],
			"to": [5, 2, 11],
			"rotation": {"angle": 0, "axis": "y", "origin": [8, 9, 8]},
			"faces": {
				"north": {"uv": [7, 7, 7.5, 7.5], "texture": "#0"},
				"east": {"uv": [4, 7, 7, 7.5], "texture": "#0"},
				"south": {"uv": [10.5, 7, 11, 7.5], "texture": "#0"},
				"west": {"uv": [7.5, 7, 10.5, 7.5], "texture": "#0"},
				"up": {"uv": [7.5, 7, 7, 4], "texture": "#0"},
				"down": {"uv": [8, 4, 7.5, 7], "texture": "#0"}
			}
		},
		{
			"from": [5, 1, 4],
			"to": [11, 2, 5],
			"rotation": {"angle": 0, "axis": "y", "origin": [8, 9, 8]},
			"faces": {
				"north": {"uv": [7.5, 8, 10.5, 8.5], "texture": "#0"},
				"east": {"uv": [7, 8, 7.5, 8.5], "texture": "#0"},
				"south": {"uv": [11, 8, 14, 8.5], "texture": "#0"},
				"west": {"uv": [10.5, 8, 11, 8.5], "texture": "#0"},
				"up": {"uv": [10.5, 8, 7.5, 7.5], "texture": "#0"},
				"down": {"uv": [13.5, 7.5, 10.5, 8], "texture": "#0"}
			}
		},
		{
			"from": [11, 1, 5],
			"to": [12, 2, 11],
			"rotation": {"angle": 0, "axis": "y", "origin": [15, 9, 8]},
			"faces": {
				"north": {"uv": [3, 6.5, 3.5, 7], "texture": "#0"},
				"east": {"uv": [0, 6.5, 3, 7], "texture": "#0"},
				"south": {"uv": [6.5, 6.5, 7, 7], "texture": "#0"},
				"west": {"uv": [3.5, 6.5, 6.5, 7], "texture": "#0"},
				"up": {"uv": [3.5, 6.5, 3, 3.5], "texture": "#0"},
				"down": {"uv": [4, 3.5, 3.5, 6.5], "texture": "#0"}
			}
		},
		{
			"from": [5, 1, 11],
			"to": [11, 2, 12],
			"rotation": {"angle": 0, "axis": "y", "origin": [8, 9, 8]},
			"faces": {
				"north": {"uv": [0.5, 8, 3.5, 8.5], "texture": "#0"},
				"east": {"uv": [0, 8, 0.5, 8.5], "texture": "#0"},
				"south": {"uv": [4, 8, 7, 8.5], "texture": "#0"},
				"west": {"uv": [3.5, 8, 4, 8.5], "texture": "#0"},
				"up": {"uv": [3.5, 8, 0.5, 7.5], "texture": "#0"},
				"down": {"uv": [6.5, 7.5, 3.5, 8], "texture": "#0"}
			}
		},
		{
			"from": [8, 0, 13],
			"to": [12, 0.75, 14],
			"rotation": {"angle": 0, "axis": "y", "origin": [16, 8, 21.5]},
			"faces": {
				"north": {"uv": [8.5, 6, 10.5, 6.5], "texture": "#0"},
				"east": {"uv": [8, 6, 8.5, 6.5], "texture": "#0"},
				"south": {"uv": [11, 6, 13, 6.5], "texture": "#0"},
				"west": {"uv": [10.5, 6, 11, 6.5], "texture": "#0"},
				"up": {"uv": [10.5, 6, 8.5, 5.5], "texture": "#0"},
				"down": {"uv": [12.5, 5.5, 10.5, 6], "texture": "#0"}
			}
		},
		{
			"from": [3, 0.25, 13],
			"to": [8, 0.5, 14],
			"rotation": {"angle": 0, "axis": "y", "origin": [12, 8, 21.5]},
			"faces": {
				"north": {"uv": [8.5, 5, 11, 5.5], "texture": "#0"},
				"east": {"uv": [8, 5, 8.5, 5.5], "texture": "#0"},
				"south": {"uv": [11.5, 5, 14, 5.5], "texture": "#0"},
				"west": {"uv": [11, 5, 11.5, 5.5], "texture": "#0"},
				"up": {"uv": [11, 5, 8.5, 4.5], "texture": "#0"},
				"down": {"uv": [13.5, 4.5, 11, 5], "texture": "#0"}
			}
		},
		{
			"from": [4, 0.25, 14],
			"to": [8, 0.5, 14.5],
			"rotation": {"angle": 0, "axis": "y", "origin": [12, 8, 22.5]},
			"faces": {
				"north": {"uv": [0.5, 9, 2.5, 9.5], "texture": "#0"},
				"east": {"uv": [0, 9, 0.5, 9.5], "texture": "#0"},
				"south": {"uv": [3, 9, 5, 9.5], "texture": "#0"},
				"west": {"uv": [2.5, 9, 3, 9.5], "texture": "#0"},
				"up": {"uv": [2.5, 9, 0.5, 8.5], "texture": "#0"},
				"down": {"uv": [4.5, 8.5, 2.5, 9], "texture": "#0"}
			}
		}
	],
	"groups": [
		{
			"name": "group",
			"origin": [15, 8, 10.5],
			"children": [0, 1, 2, 3, 4]
		},
		{
			"name": "group",
			"origin": [8, 9, 8],
			"children": [5, 6, 7, 8, 9]
		},
		{
			"name": "group",
			"origin": [8, 8, 8],
			"children": [10, 11, 12]
		}
	]
}