{
	"credit": "By Limonchik_",
	"textures": {
		"1": "block/face",
		"2": "block/texture",
		"particle": "block/texture"
	},
	"elements": [
		{
			"from": [7, 5, 8],
			"to": [8, 7, 9],
			"faces": {
				"north": {"uv": [4, 2, 5, 4], "texture": "#1"},
				"east": {"uv": [7, 2, 8, 4], "texture": "#1"},
				"south": {"uv": [6, 2, 7, 4], "texture": "#1"},
				"west": {"uv": [5, 2, 6, 4], "texture": "#1"},
				"up": {"uv": [6, 2, 5, 1], "rotation": 270, "texture": "#1"},
				"down": {"uv": [7, 1, 6, 2], "rotation": 90, "texture": "#1"}
			}
		},
		{
			"from": [4, 5, 9],
			"to": [12, 6, 10],
			"faces": {
				"north": {"uv": [4, 9, 12, 10], "texture": "#1"},
				"east": {"uv": [15, 9, 16, 10], "texture": "#1"},
				"south": {"uv": [8, 9, 16, 10], "texture": "#1"},
				"west": {"uv": [12, 9, 13, 10], "texture": "#1"},
				"up": {"uv": [13, 9, 12, 1], "rotation": 270, "texture": "#1"},
				"down": {"uv": [14, 1, 13, 9], "rotation": 90, "texture": "#1"}
			}
		},
		{
			"from": [7, 5, 7],
			"to": [8, 6, 8],
			"faces": {
				"north": {"uv": [4, 2, 5, 3], "texture": "#1"},
				"east": {"uv": [7, 2, 8, 3], "texture": "#1"},
				"south": {"uv": [6, 2, 7, 3], "texture": "#1"},
				"west": {"uv": [5, 2, 6, 3], "texture": "#1"},
				"up": {"uv": [6, 2, 5, 1], "rotation": 270, "texture": "#1"},
				"down": {"uv": [7, 1, 6, 2], "rotation": 90, "texture": "#1"}
			}
		},
		{
			"from": [7, -2, 10.012],
			"to": [8, 7, 11.012],
			"faces": {
				"north": {"uv": [4, 2, 5, 11], "texture": "#1"},
				"east": {"uv": [7, 2, 8, 11], "texture": "#1"},
				"south": {"uv": [6, 2, 7, 11], "texture": "#1"},
				"west": {"uv": [5, 2, 6, 11], "texture": "#1"},
				"up": {"uv": [6, 2, 5, 1], "rotation": 270, "texture": "#1"},
				"down": {"uv": [7, 1, 6, 2], "rotation": 90, "texture": "#1"}
			}
		},
		{
			"from": [8, 1.992, 8.012],
			"to": [9, 8, 9],
			"faces": {
				"north": {"uv": [4, 2, 5, 8], "texture": "#1"},
				"east": {"uv": [7, 2, 8, 8], "texture": "#1"},
				"south": {"uv": [6, 2, 7, 8], "texture": "#1"},
				"west": {"uv": [5, 2, 6, 8], "texture": "#1"},
				"up": {"uv": [6, 2, 5, 1], "rotation": 270, "texture": "#1"},
				"down": {"uv": [7, 1, 6, 2], "rotation": 90, "texture": "#1"}
			}
		},
		{
			"from": [5, 8, 8],
			"to": [11, 9, 11],
			"faces": {
				"north": {"uv": [4, 7, 10, 8], "texture": "#1"},
				"east": {"uv": [13, 7, 16, 8], "texture": "#1"},
				"south": {"uv": [10, 7, 16, 8], "texture": "#1"},
				"west": {"uv": [10, 7, 13, 8], "texture": "#1"},
				"up": {"uv": [13, 7, 10, 1], "rotation": 270, "texture": "#1"},
				"down": {"uv": [16, 1, 13, 7], "rotation": 90, "texture": "#1"}
			}
		},
		{
			"from": [7, 6.996, 7],
			"to": [8, 8, 8],
			"faces": {
				"north": {"uv": [4, 2, 5, 3], "texture": "#1"},
				"east": {"uv": [7, 2, 8, 3], "texture": "#1"},
				"south": {"uv": [6, 2, 7, 3], "texture": "#1"},
				"west": {"uv": [5, 2, 6, 3], "texture": "#1"},
				"up": {"uv": [6, 2, 5, 1], "rotation": 270, "texture": "#1"},
				"down": {"uv": [7, 1, 6, 2], "rotation": 90, "texture": "#1"}
			}
		},
		{
			"from": [4, 10, 6],
			"to": [12, 15, 12],
			"faces": {
				"north": {"uv": [4, 9, 12, 14], "texture": "#1"},
				"east": {"uv": [10, 6, 16, 11], "texture": "#1"},
				"south": {"uv": [8, 5, 16, 10], "texture": "#1"},
				"west": {"uv": [10, 6, 16, 11], "texture": "#1"},
				"up": {"uv": [16, 9, 10, 1], "rotation": 270, "texture": "#1"},
				"down": {"uv": [16, 1, 10, 9], "rotation": 90, "texture": "#1"}
			}
		},
		{
			"from": [4, 13, 4],
			"to": [12, 15, 6],
			"faces": {
				"north": {"uv": [4, 9, 12, 11], "texture": "#1"},
				"east": {"uv": [14, 9, 16, 11], "texture": "#1"},
				"south": {"uv": [14, 9, 22, 11], "texture": "#1"},
				"west": {"uv": [12, 9, 14, 11], "texture": "#1"},
				"up": {"uv": [14, 9, 12, 1], "rotation": 270, "texture": "#1"},
				"down": {"uv": [16, 1, 14, 9], "rotation": 90, "texture": "#1"}
			}
		},
		{
			"from": [5, 9, 5],
			"to": [11, 10, 12],
			"faces": {
				"north": {"uv": [4, 7, 10, 8], "texture": "#1"},
				"east": {"uv": [9, 7, 16, 8], "texture": "#1"},
				"south": {"uv": [10, 10, 16, 11], "texture": "#1"},
				"west": {"uv": [9, 7, 16, 8], "texture": "#1"},
				"up": {"uv": [15, 7, 8, 1], "rotation": 270, "texture": "#1"},
				"down": {"uv": [15, 3, 8, 9], "rotation": 90, "texture": "#1"}
			}
		},
		{
			"from": [7, 11, 4],
			"to": [9, 13, 5],
			"faces": {
				"north": {"uv": [4, 3, 6, 5], "texture": "#1"},
				"east": {"uv": [9, 3, 10, 5], "texture": "#1"},
				"south": {"uv": [7, 3, 9, 5], "texture": "#1"},
				"west": {"uv": [6, 3, 7, 5], "texture": "#1"},
				"up": {"uv": [7, 3, 6, 1], "rotation": 270, "texture": "#1"},
				"down": {"uv": [8, 1, 7, 3], "rotation": 90, "texture": "#1"}
			}
		},
		{
			"from": [4, 10, 4],
			"to": [5, 13, 6],
			"faces": {
				"north": {"uv": [4, 2, 5, 5], "texture": "#1"},
				"east": {"uv": [8, 2, 10, 5], "texture": "#1"},
				"south": {"uv": [7, 2, 8, 5], "texture": "#1"},
				"west": {"uv": [5, 2, 7, 5], "texture": "#1"},
				"up": {"uv": [7, 2, 5, 1], "rotation": 270, "texture": "#1"},
				"down": {"uv": [9, 1, 7, 2], "rotation": 90, "texture": "#1"}
			}
		},
		{
			"from": [9, 10, 4],
			"to": [11, 11, 5],
			"faces": {
				"north": {"uv": [4, 3, 6, 4], "texture": "#1"},
				"east": {"uv": [9, 3, 10, 4], "texture": "#1"},
				"south": {"uv": [7, 3, 9, 4], "texture": "#1"},
				"west": {"uv": [6, 3, 7, 4], "texture": "#1"},
				"up": {"uv": [7, 3, 6, 1], "rotation": 270, "texture": "#1"},
				"down": {"uv": [8, 1, 7, 3], "rotation": 90, "texture": "#1"}
			}
		},
		{
			"from": [11, 10, 4],
			"to": [12, 13, 6],
			"faces": {
				"north": {"uv": [4, 2, 5, 5], "texture": "#1"},
				"east": {"uv": [8, 2, 10, 5], "texture": "#1"},
				"south": {"uv": [7, 2, 8, 5], "texture": "#1"},
				"west": {"uv": [5, 2, 7, 5], "texture": "#1"},
				"up": {"uv": [7, 2, 5, 1], "rotation": 270, "texture": "#1"},
				"down": {"uv": [9, 1, 7, 2], "rotation": 90, "texture": "#1"}
			}
		},
		{
			"from": [5, 9, 4],
			"to": [11, 10, 5],
			"faces": {
				"north": {"uv": [4, 7, 10, 8], "texture": "#1"},
				"east": {"uv": [15, 7, 16, 8], "texture": "#1"},
				"south": {"uv": [11, 7, 17, 8], "texture": "#1"},
				"west": {"uv": [10, 7, 11, 8], "texture": "#1"},
				"up": {"uv": [11, 7, 10, 1], "rotation": 270, "texture": "#1"},
				"down": {"uv": [12, 1, 11, 7], "rotation": 90, "texture": "#1"}
			}
		},
		{
			"from": [10, 8, 4],
			"to": [11, 9, 5],
			"faces": {
				"north": {"uv": [4, 2, 5, 3], "texture": "#1"},
				"east": {"uv": [7, 2, 8, 3], "texture": "#1"},
				"south": {"uv": [6, 2, 7, 3], "texture": "#1"},
				"west": {"uv": [5, 2, 6, 3], "texture": "#1"},
				"up": {"uv": [6, 2, 5, 1], "rotation": 270, "texture": "#1"},
				"down": {"uv": [7, 1, 6, 2], "rotation": 90, "texture": "#1"}
			}
		},
		{
			"from": [5, 8, 4],
			"to": [6, 9, 5],
			"faces": {
				"north": {"uv": [4, 2, 5, 3], "texture": "#1"},
				"east": {"uv": [7, 2, 8, 3], "texture": "#1"},
				"south": {"uv": [6, 2, 7, 3], "texture": "#1"},
				"west": {"uv": [5, 2, 6, 3], "texture": "#1"},
				"up": {"uv": [6, 2, 5, 1], "rotation": 270, "texture": "#1"},
				"down": {"uv": [7, 1, 6, 2], "rotation": 90, "texture": "#1"}
			}
		},
		{
			"from": [5, 10, 4],
			"to": [7, 11, 5],
			"faces": {
				"north": {"uv": [4, 3, 6, 4], "texture": "#1"},
				"east": {"uv": [9, 3, 10, 4], "texture": "#1"},
				"south": {"uv": [7, 3, 9, 4], "texture": "#1"},
				"west": {"uv": [6, 3, 7, 4], "texture": "#1"},
				"up": {"uv": [7, 3, 6, 1], "rotation": 270, "texture": "#1"},
				"down": {"uv": [8, 1, 7, 3], "rotation": 90, "texture": "#1"}
			}
		},
		{
			"from": [6, 7.004, 5],
			"to": [10, 8.004, 11],
			"faces": {
				"north": {"uv": [4, 5, 8, 6], "texture": "#1"},
				"east": {"uv": [11, 0, 16, 1], "texture": "#1"},
				"south": {"uv": [12, 5, 16, 6], "texture": "#1"},
				"west": {"uv": [8, 5, 14, 6], "texture": "#1"},
				"up": {"uv": [14, 5, 8, 1], "rotation": 270, "texture": "#1"},
				"down": {"uv": [16, 4, 10, 8], "rotation": 90, "texture": "#1"}
			}
		},
		{
			"from": [4, 8, 7],
			"to": [5, 10, 10],
			"faces": {
				"north": {"uv": [4, 2, 5, 4], "texture": "#1"},
				"east": {"uv": [9, 2, 12, 4], "texture": "#1"},
				"south": {"uv": [8, 2, 9, 4], "texture": "#1"},
				"west": {"uv": [5, 2, 8, 4], "texture": "#1"},
				"up": {"uv": [8, 2, 5, 1], "rotation": 270, "texture": "#1"},
				"down": {"uv": [11, 1, 8, 2], "rotation": 90, "texture": "#1"}
			}
		},
		{
			"from": [11, 8, 7],
			"to": [12, 10, 10],
			"faces": {
				"north": {"uv": [4, 2, 5, 4], "texture": "#1"},
				"east": {"uv": [9, 2, 12, 4], "texture": "#1"},
				"south": {"uv": [8, 2, 9, 4], "texture": "#1"},
				"west": {"uv": [5, 2, 8, 4], "texture": "#1"},
				"up": {"uv": [8, 2, 5, 1], "rotation": 270, "texture": "#1"},
				"down": {"uv": [11, 1, 8, 2], "rotation": 90, "texture": "#1"}
			}
		},
		{
			"from": [4, 9, 10],
			"to": [12, 10, 11],
			"faces": {
				"north": {"uv": [4, 9, 12, 10], "texture": "#1"},
				"east": {"uv": [15, 9, 16, 10], "texture": "#1"},
				"south": {"uv": [8, 9, 16, 10], "texture": "#1"},
				"west": {"uv": [12, 9, 13, 10], "texture": "#1"},
				"up": {"uv": [13, 9, 12, 1], "rotation": 270, "texture": "#1"},
				"down": {"uv": [14, 1, 13, 9], "rotation": 90, "texture": "#1"}
			}
		},
		{
			"from": [12, 2, 8],
			"to": [13, 5, 9],
			"faces": {
				"north": {"uv": [4, 2, 5, 5], "texture": "#1"},
				"east": {"uv": [7, 2, 8, 5], "texture": "#1"},
				"south": {"uv": [6, 2, 7, 5], "texture": "#1"},
				"west": {"uv": [5, 2, 6, 5], "texture": "#1"},
				"up": {"uv": [6, 2, 5, 1], "rotation": 270, "texture": "#1"},
				"down": {"uv": [7, 1, 6, 2], "rotation": 90, "texture": "#1"}
			}
		},
		{
			"from": [3, 1, 8],
			"to": [4, 5, 9],
			"faces": {
				"north": {"uv": [4, 2, 5, 6], "texture": "#1"},
				"east": {"uv": [7, 2, 8, 6], "texture": "#1"},
				"south": {"uv": [6, 2, 7, 6], "texture": "#1"},
				"west": {"uv": [5, 2, 6, 6], "texture": "#1"},
				"up": {"uv": [6, 2, 5, 1], "rotation": 270, "texture": "#1"},
				"down": {"uv": [7, 1, 6, 2], "rotation": 90, "texture": "#1"}
			}
		},
		{
			"from": [6, 0.004, 8.008],
			"to": [10, 4, 9.98],
			"faces": {
				"north": {"uv": [4, 5, 8, 9], "texture": "#2"},
				"east": {"uv": [14, 5, 16, 9], "texture": "#2"},
				"south": {"uv": [10, 5, 14, 9], "texture": "#2"},
				"west": {"uv": [8, 5, 10, 9], "texture": "#2"},
				"up": {"uv": [10, 5, 8, 1], "rotation": 270, "texture": "#2"},
				"down": {"uv": [12, 1, 10, 5], "rotation": 90, "texture": "#2"}
			}
		},
		{
			"from": [5, 2, 8],
			"to": [11, 3, 10],
			"faces": {
				"north": {"uv": [4, 7, 10, 8], "texture": "#1"},
				"east": {"uv": [15, 7, 16, 8], "texture": "#1"},
				"south": {"uv": [13, 8, 15, 9], "texture": "#1"},
				"west": {"uv": [10, 7, 12, 8], "texture": "#1"},
				"up": {"uv": [12, 7, 10, 1], "rotation": 270, "texture": "#1"},
				"down": {"uv": [14, 1, 12, 7], "rotation": 90, "texture": "#1"}
			}
		},
		{
			"from": [8, 1, 10],
			"to": [9, 2, 11],
			"faces": {
				"north": {"uv": [4, 2, 5, 3], "texture": "#1"},
				"east": {"uv": [7, 2, 8, 3], "texture": "#1"},
				"south": {"uv": [6, 2, 7, 3], "texture": "#1"},
				"west": {"uv": [5, 2, 6, 3], "texture": "#1"},
				"up": {"uv": [6, 2, 5, 1], "rotation": 270, "texture": "#1"},
				"down": {"uv": [7, 1, 6, 2], "rotation": 90, "texture": "#1"}
			}
		},
		{
			"from": [8, 3, 10],
			"to": [9, 4, 11],
			"faces": {
				"north": {"uv": [4, 2, 5, 3], "texture": "#1"},
				"east": {"uv": [7, 2, 8, 3], "texture": "#1"},
				"south": {"uv": [6, 2, 7, 3], "texture": "#1"},
				"west": {"uv": [5, 2, 6, 3], "texture": "#1"},
				"up": {"uv": [6, 2, 5, 1], "rotation": 270, "texture": "#1"},
				"down": {"uv": [7, 1, 6, 2], "rotation": 90, "texture": "#1"}
			}
		},
		{
			"from": [8, 5, 10],
			"to": [9, 6, 11],
			"faces": {
				"north": {"uv": [4, 2, 5, 3], "texture": "#1"},
				"east": {"uv": [7, 2, 8, 3], "texture": "#1"},
				"south": {"uv": [6, 2, 7, 3], "texture": "#1"},
				"west": {"uv": [5, 2, 6, 3], "texture": "#1"},
				"up": {"uv": [6, 2, 5, 1], "rotation": 270, "texture": "#1"},
				"down": {"uv": [7, 1, 6, 2], "rotation": 90, "texture": "#1"}
			}
		},
		{
			"from": [5, 0, 9],
			"to": [11, 1, 10],
			"faces": {
				"north": {"uv": [4, 7, 10, 8], "texture": "#1"},
				"east": {"uv": [15, 8, 16, 9], "texture": "#1"},
				"south": {"uv": [10, 7, 16, 8], "texture": "#1"},
				"west": {"uv": [10, 7, 11, 8], "texture": "#1"},
				"up": {"uv": [11, 7, 10, 1], "rotation": 270, "texture": "#1"},
				"down": {"uv": [12, 1, 11, 7], "rotation": 90, "texture": "#1"}
			}
		},
		{
			"from": [3, 0, 9],
			"to": [4, 5, 10],
			"faces": {
				"north": {"uv": [4, 2, 5, 7], "texture": "#1"},
				"east": {"uv": [7, 2, 8, 7], "texture": "#1"},
				"south": {"uv": [6, 2, 7, 7], "texture": "#1"},
				"west": {"uv": [5, 2, 6, 7], "texture": "#1"},
				"up": {"uv": [6, 2, 5, 1], "rotation": 270, "texture": "#1"},
				"down": {"uv": [7, 1, 6, 2], "rotation": 90, "texture": "#1"}
			}
		},
		{
			"from": [5, 4, 10],
			"to": [11, 5, 11],
			"faces": {
				"north": {"uv": [4, 7, 10, 8], "texture": "#1"},
				"east": {"uv": [15, 7, 16, 8], "texture": "#1"},
				"south": {"uv": [10, 7, 16, 8], "texture": "#1"},
				"west": {"uv": [10, 7, 11, 8], "texture": "#1"},
				"up": {"uv": [11, 7, 10, 1], "rotation": 270, "texture": "#1"},
				"down": {"uv": [12, 1, 11, 7], "rotation": 90, "texture": "#1"}
			}
		},
		{
			"from": [8, -1, 9],
			"to": [9, 0, 10],
			"faces": {
				"north": {"uv": [4, 2, 5, 3], "texture": "#1"},
				"east": {"uv": [7, 2, 8, 3], "texture": "#1"},
				"south": {"uv": [6, 2, 7, 3], "texture": "#1"},
				"west": {"uv": [5, 2, 6, 3], "texture": "#1"},
				"up": {"uv": [6, 2, 5, 1], "rotation": 270, "texture": "#1"},
				"down": {"uv": [7, 1, 6, 2], "rotation": 90, "texture": "#1"}
			}
		},
		{
			"from": [4, 4, 9],
			"to": [5, 5, 10],
			"faces": {
				"north": {"uv": [0, 1, 1, 2], "texture": "#1"},
				"east": {"uv": [3, 1, 4, 2], "texture": "#1"},
				"south": {"uv": [2, 1, 3, 2], "texture": "#1"},
				"west": {"uv": [1, 1, 2, 2], "texture": "#1"},
				"up": {"uv": [2, 1, 1, 0], "rotation": 270, "texture": "#1"},
				"down": {"uv": [3, 0, 2, 1], "rotation": 90, "texture": "#1"}
			}
		},
		{
			"from": [7, 8, 4],
			"to": [8, 9, 5],
			"faces": {
				"north": {"uv": [0, 1, 1, 2], "texture": "#1"},
				"east": {"uv": [3, 1, 4, 2], "texture": "#1"},
				"south": {"uv": [2, 1, 3, 2], "texture": "#1"},
				"west": {"uv": [1, 1, 2, 2], "texture": "#1"},
				"up": {"uv": [2, 1, 1, 0], "rotation": 270, "texture": "#1"},
				"down": {"uv": [3, 0, 2, 1], "rotation": 90, "texture": "#1"}
			}
		},
		{
			"from": [5, 11, 5],
			"to": [11, 13, 6],
			"faces": {
				"north": {"uv": [0, 9, 6, 11], "texture": "#2"},
				"east": {"uv": [13, 9, 14, 11], "texture": "#2"},
				"south": {"uv": [7, 9, 13, 11], "texture": "#2"},
				"west": {"uv": [6, 9, 7, 11], "texture": "#2"},
				"up": {"uv": [7, 9, 6, 3], "rotation": 270, "texture": "#2"},
				"down": {"uv": [8, 3, 7, 9], "rotation": 90, "texture": "#2"}
			}
		}
	],
	"groups": [0, 1, 2, 3, 4, 5, 6, 7,
		{
			"name": "group",
			"origin": [8, 8, 8],
			"children": []
		}, 8, 9, 10, 11, 12, 13, 14, 15, 16, 17, 18, 19, 20, 21, 22, 23, 24, 25, 26, 27, 28, 29, 30, 31, 32, 33, 34, 35]
}