{
	"credit": "By Limonchik_",
	"textures": {
		"1": "item/armor_stand_wand"
	},
	"elements": [
		{
			"from": [7.5, 0, 7.5],
			"to": [8.5, 16, 8.5],
			"rotation": {"angle": 0, "axis": "y", "origin": [15.25, 8, 15.75]},
			"faces": {
				"north": {"uv": [0.5, 0.5, 1, 8.5], "texture": "#1"},
				"east": {"uv": [0, 0.5, 0.5, 8.5], "texture": "#1"},
				"south": {"uv": [1.5, 0.5, 2, 8.5], "texture": "#1"},
				"west": {"uv": [1, 0.5, 1.5, 8.5], "texture": "#1"},
				"up": {"uv": [1, 0.5, 0.5, 0], "texture": "#1"},
				"down": {"uv": [1.5, 0, 1, 0.5], "texture": "#1"}
			}
		},
		{
			"from": [6.75, 16, 6.75],
			"to": [9.25, 18.5, 9.25],
			"rotation": {"angle": 0, "axis": "y", "origin": [14.5, 22, 15]},
			"faces": {
				"north": {"uv": [3, 3, 4, 4], "texture": "#1"},
				"east": {"uv": [2, 3, 3, 4], "texture": "#1"},
				"south": {"uv": [5, 3, 6, 4], "texture": "#1"},
				"west": {"uv": [4, 3, 5, 4], "texture": "#1"},
				"up": {"uv": [4, 3, 3, 2], "texture": "#1"},
				"down": {"uv": [5, 2, 4, 3], "texture": "#1"}
			}
		},
		{
			"from": [7, 13.5, 8.25],
			"to": [8.75, 14, 8.75],
			"rotation": {"angle": -22.5, "axis": "z", "origin": [12.25, 16.5, 7.75]},
			"faces": {
				"north": {"uv": [7.5, 6, 8, 6.5], "texture": "#1"},
				"east": {"uv": [7, 6, 7.5, 6.5], "texture": "#1"},
				"south": {"uv": [8.5, 6, 9, 6.5], "texture": "#1"},
				"west": {"uv": [8, 6, 8.5, 6.5], "texture": "#1"},
				"up": {"uv": [8, 6, 7.5, 5.5], "texture": "#1"},
				"down": {"uv": [8.5, 5.5, 8, 6], "texture": "#1"}
			}
		},
		{
			"from": [6.25, 14.25, 8],
			"to": [6.75, 14.75, 9.5],
			"rotation": {"angle": 22.5, "axis": "x", "origin": [7.25, 17.25, 13]},
			"faces": {
				"north": {"uv": [6.5, 5, 7, 5.5], "texture": "#1"},
				"east": {"uv": [6, 5, 6.5, 5.5], "texture": "#1"},
				"south": {"uv": [7.5, 5, 8, 5.5], "texture": "#1"},
				"west": {"uv": [7, 5, 7.5, 5.5], "texture": "#1"},
				"up": {"uv": [7, 5, 6.5, 4.5], "texture": "#1"},
				"down": {"uv": [7.5, 4.5, 7, 5], "texture": "#1"}
			}
		},
		{
			"from": [8.75, 12.5, 8.5],
			"to": [9.25, 15.5, 9],
			"rotation": {"angle": -22.5, "axis": "z", "origin": [9.75, 17.5, 6]},
			"faces": {
				"north": {"uv": [6, 7.5, 6.5, 9], "texture": "#1"},
				"east": {"uv": [5.5, 7.5, 6, 9], "texture": "#1"},
				"south": {"uv": [7, 7.5, 7.5, 9], "texture": "#1"},
				"west": {"uv": [6.5, 7.5, 7, 9], "texture": "#1"},
				"up": {"uv": [6.5, 7.5, 6, 7], "texture": "#1"},
				"down": {"uv": [7, 7, 6.5, 7.5], "texture": "#1"}
			}
		},
		{
			"from": [8.25, 17, 7],
			"to": [8.75, 17.5, 8.5],
			"rotation": {"angle": -22.5, "axis": "x", "origin": [9.25, 20, 12]},
			"faces": {
				"north": {"uv": [6.5, 0.5, 7, 1], "texture": "#1"},
				"east": {"uv": [6, 0.5, 6.5, 1], "texture": "#1"},
				"south": {"uv": [7.5, 0.5, 8, 1], "texture": "#1"},
				"west": {"uv": [7, 0.5, 7.5, 1], "texture": "#1"},
				"up": {"uv": [7, 0.5, 6.5, 0], "texture": "#1"},
				"down": {"uv": [7.5, 0, 7, 0.5], "texture": "#1"}
			}
		},
		{
			"from": [7.5, 19.5, 9.25],
			"to": [9.25, 20, 9.75],
			"rotation": {"angle": 45, "axis": "z", "origin": [12.5, 19, 6.75]},
			"faces": {
				"north": {"uv": [7.5, 1.5, 8, 2], "texture": "#1"},
				"east": {"uv": [7, 1.5, 7.5, 2], "texture": "#1"},
				"south": {"uv": [8.5, 1.5, 9, 2], "texture": "#1"},
				"west": {"uv": [8, 1.5, 8.5, 2], "texture": "#1"},
				"up": {"uv": [8, 1.5, 7.5, 1], "texture": "#1"},
				"down": {"uv": [8.5, 1, 8, 1.5], "texture": "#1"}
			}
		},
		{
			"from": [9.25, 18.75, 8],
			"to": [9.75, 19.25, 9.5],
			"rotation": {"angle": 22.5, "axis": "x", "origin": [6.75, 18.25, 4.75]},
			"faces": {
				"north": {"uv": [6, 6.5, 6.5, 7], "texture": "#1"},
				"east": {"uv": [5.5, 6.5, 6, 7], "texture": "#1"},
				"south": {"uv": [7, 6.5, 7.5, 7], "texture": "#1"},
				"west": {"uv": [6.5, 6.5, 7, 7], "texture": "#1"},
				"up": {"uv": [6.5, 6.5, 6, 6], "texture": "#1"},
				"down": {"uv": [7, 6, 6.5, 6.5], "texture": "#1"}
			}
		},
		{
			"from": [7, 14, 6.85894],
			"to": [7.5, 14.5, 9.10894],
			"rotation": {"angle": -45, "axis": "x", "origin": [11.75, 13.5, 10]},
			"faces": {
				"north": {"uv": [5, 5.5, 5.5, 6], "texture": "#1"},
				"east": {"uv": [4, 5.5, 5, 6], "texture": "#1"},
				"south": {"uv": [6.5, 5.5, 7, 6], "texture": "#1"},
				"west": {"uv": [5.5, 5.5, 6.5, 6], "texture": "#1"},
				"up": {"uv": [5.5, 5.5, 5, 4.5], "texture": "#1"},
				"down": {"uv": [6, 4.5, 5.5, 5.5], "texture": "#1"}
			}
		},
		{
			"from": [6.83866, 10.10894, 7],
			"to": [7.33866, 13.85894, 7.5],
			"rotation": {"angle": 22.5, "axis": "z", "origin": [11.75, 13.25, 8]},
			"faces": {
				"north": {"uv": [4, 6.5, 4.5, 8], "texture": "#1"},
				"east": {"uv": [3.5, 6.5, 4, 8], "texture": "#1"},
				"south": {"uv": [5, 6.5, 5.5, 8], "texture": "#1"},
				"west": {"uv": [4.5, 6.5, 5, 8], "texture": "#1"},
				"up": {"uv": [4.5, 6.5, 4, 6], "texture": "#1"},
				"down": {"uv": [5, 6, 4.5, 6.5], "texture": "#1"}
			}
		},
		{
			"from": [8.5, 8.33866, 8.89106],
			"to": [9, 8.83866, 10.89106],
			"rotation": {"angle": 22.5, "axis": "x", "origin": [8, 13.25, 8]},
			"faces": {
				"north": {"uv": [5, 1.5, 5.5, 2], "texture": "#1"},
				"east": {"uv": [4, 1.5, 5, 2], "texture": "#1"},
				"south": {"uv": [6.5, 1.5, 7, 2], "texture": "#1"},
				"west": {"uv": [5.5, 1.5, 6.5, 2], "texture": "#1"},
				"up": {"uv": [5.5, 1.5, 5, 0.5], "texture": "#1"},
				"down": {"uv": [6, 0.5, 5.5, 1.5], "texture": "#1"}
			}
		},
		{
			"from": [10.41134, 8.60894, 8.5],
			"to": [10.91134, 10.85894, 9],
			"rotation": {"angle": -45, "axis": "z", "origin": [6, 11.5, 8]},
			"faces": {
				"north": {"uv": [2.5, 8, 3, 9], "texture": "#1"},
				"east": {"uv": [2, 8, 2.5, 9], "texture": "#1"},
				"south": {"uv": [3.5, 8, 4, 9], "texture": "#1"},
				"west": {"uv": [3, 8, 3.5, 9], "texture": "#1"},
				"up": {"uv": [3, 8, 2.5, 7.5], "texture": "#1"},
				"down": {"uv": [3.5, 7.5, 3, 8], "texture": "#1"}
			}
		},
		{
			"from": [7, 5.08866, 3.10894],
			"to": [7.5, 5.58866, 5.35894],
			"rotation": {"angle": -45, "axis": "x", "origin": [8, 10, 6]},
			"faces": {
				"north": {"uv": [3, 5, 3.5, 5.5], "texture": "#1"},
				"east": {"uv": [2, 5, 3, 5.5], "texture": "#1"},
				"south": {"uv": [4.5, 5, 5, 5.5], "texture": "#1"},
				"west": {"uv": [3.5, 5, 4.5, 5.5], "texture": "#1"},
				"up": {"uv": [3.5, 5, 3, 4], "texture": "#1"},
				"down": {"uv": [4, 4, 3.5, 5], "texture": "#1"}
			}
		},
		{
			"from": [8.89106, 4.33866, 7],
			"to": [10.89106, 4.83866, 7.5],
			"rotation": {"angle": -22.5, "axis": "z", "origin": [8, 9.25, 8]},
			"faces": {
				"north": {"uv": [6, 4, 7, 4.5], "texture": "#1"},
				"east": {"uv": [5.5, 4, 6, 4.5], "texture": "#1"},
				"south": {"uv": [7.5, 4, 8.5, 4.5], "texture": "#1"},
				"west": {"uv": [7, 4, 7.5, 4.5], "texture": "#1"},
				"up": {"uv": [7, 4, 6, 3.5], "texture": "#1"},
				"down": {"uv": [8, 3.5, 7, 4], "texture": "#1"}
			}
		},
		{
			"from": [8.5, 2.58866, 10.64106],
			"to": [9, 3.08866, 12.89106],
			"rotation": {"angle": 45, "axis": "x", "origin": [8, 7.5, 10]},
			"faces": {
				"north": {"uv": [3, 1, 3.5, 1.5], "texture": "#1"},
				"east": {"uv": [2, 1, 3, 1.5], "texture": "#1"},
				"south": {"uv": [4.5, 1, 5, 1.5], "texture": "#1"},
				"west": {"uv": [3.5, 1, 4.5, 1.5], "texture": "#1"},
				"up": {"uv": [3.5, 1, 3, 0], "texture": "#1"},
				"down": {"uv": [4, 0, 3.5, 1], "texture": "#1"}
			}
		},
		{
			"from": [7, 1.08866, 5.60894],
			"to": [7.5, 1.58866, 7.10894],
			"rotation": {"angle": -22.5, "axis": "x", "origin": [8, 6, 8]},
			"faces": {
				"north": {"uv": [2.5, 6, 3, 6.5], "texture": "#1"},
				"east": {"uv": [2, 6, 2.5, 6.5], "texture": "#1"},
				"south": {"uv": [3.5, 6, 4, 6.5], "texture": "#1"},
				"west": {"uv": [3, 6, 3.5, 6.5], "texture": "#1"},
				"up": {"uv": [3, 6, 2.5, 5.5], "texture": "#1"},
				"down": {"uv": [3.5, 5.5, 3, 6], "texture": "#1"}
			}
		},
		{
			"from": [5.10894, 1.83866, 8.5],
			"to": [7.10894, 2.33866, 9],
			"rotation": {"angle": 22.5, "axis": "z", "origin": [8, 6.75, 8]},
			"faces": {
				"north": {"uv": [5.5, 2.5, 6.5, 3], "texture": "#1"},
				"east": {"uv": [5, 2.5, 5.5, 3], "texture": "#1"},
				"south": {"uv": [7, 2.5, 8, 3], "texture": "#1"},
				"west": {"uv": [6.5, 2.5, 7, 3], "texture": "#1"},
				"up": {"uv": [6.5, 2.5, 5.5, 2], "texture": "#1"},
				"down": {"uv": [7.5, 2, 6.5, 2.5], "texture": "#1"}
			}
		}
	],
	"display": {
		"thirdperson_righthand": {
			"translation": [-0.5, 5.75, 1.25]
		},
		"thirdperson_lefthand": {
			"translation": [-0.5, 5.75, 1.25]
		},
		"ground": {
			"rotation": [0, 0, 90],
			"translation": [0, -2.25, 0]
		},
		"gui": {
			"rotation": [0, 0, -45],
			"translation": [-1.25, -1.25, 0],
			"scale": [1.07, 1.07, 1.07]
		},
		"fixed": {
			"translation": [0, -1.25, 0]
		}
	},
	"groups": [0, 1,
		{
			"name": "group",
			"origin": [8, 6.75, 8],
			"children": [2, 3, 4, 5, 6, 7, 8, 9, 10, 11, 12, 13, 14, 15, 16]
		}
	]
}