{
	"parent": "item/bow_model",
	"textures": {
		"layer0": "item/bow"
	},
    "overrides": [
		{ "predicate": {"pulling": 1, "pull": 0}, "model": "item/bow_model_pulling_0"},
		{ "predicate": {"pulling": 1, "pull": 0.65}, "model": "item/bow_model_pulling_1"},
		{ "predicate": {"pulling": 1, "pull": 0.9}, "model": "item/bow_model_pulling_2"},
		{ "predicate": {"custom_model_data":1}, "model": "item/killer_bow"},
		{ "predicate": {"custom_model_data":1, "pulling": 1, "pull": 0}, "model": "item/killer_bow_pulling_0"},
		{ "predicate": {"custom_model_data":1, "pulling": 1, "pull": 0.6}, "model": "item/killer_bow_pulling_1"},
		{ "predicate": {"custom_model_data":1, "pulling": 1, "pull": 0.9}, "model": "item/killer_bow_pulling_2"}
    ]
}