{
	"credit": "By Limonchik_",
	"textures": {
		"0": "item/helmet1",
		"1": "item/helmet2",
		"particle": "item/helmet1"
	},
	"elements": [
		{
			"from": [4, 9, 3],
			"to": [12, 10, 4],
			"rotation": {"angle": 0, "axis": "y", "origin": [8, -12, 8]},
			"faces": {
				"north": {"uv": [9, 8, 13, 8.5], "texture": "#0"},
				"east": {"uv": [2.5, 14.5, 3, 15], "texture": "#0"},
				"south": {"uv": [9, 8.5, 13, 9], "texture": "#0"},
				"west": {"uv": [3, 14.5, 3.5, 15], "texture": "#0"},
				"up": {"uv": [8, 10, 4, 9.5], "texture": "#0"},
				"down": {"uv": [13.5, 3, 9.5, 3.5], "texture": "#0"}
			}
		},
		{
			"from": [7, 9, 2],
			"to": [9, 10, 3],
			"rotation": {"angle": 0, "axis": "y", "origin": [8, -12, 8]},
			"faces": {
				"north": {"uv": [13, 8, 14, 8.5], "texture": "#0"},
				"east": {"uv": [4.5, 14.5, 5, 15], "texture": "#0"},
				"south": {"uv": [13, 8.5, 14, 9], "texture": "#0"},
				"west": {"uv": [5, 14.5, 5.5, 15], "texture": "#0"},
				"up": {"uv": [14, 10.5, 13, 10], "texture": "#0"},
				"down": {"uv": [14, 11, 13, 11.5], "texture": "#0"}
			}
		},
		{
			"from": [4, 10, 4],
			"to": [12, 11, 11],
			"rotation": {"angle": 0, "axis": "y", "origin": [8, -12, 8]},
			"faces": {
				"north": {"uv": [9.5, 3.5, 13.5, 4], "texture": "#0"},
				"east": {"uv": [10.5, 1.5, 14, 2], "texture": "#0"},
				"south": {"uv": [9.5, 4, 13.5, 4.5], "texture": "#0"},
				"west": {"uv": [10.5, 2, 14, 2.5], "texture": "#0"},
				"up": {"uv": [4, 3.5, 0, 0], "texture": "#0"},
				"down": {"uv": [4, 3.5, 0, 7], "texture": "#0"}
			}
		},
		{
			"from": [4, 11, 4],
			"to": [7, 12, 8],
			"rotation": {"angle": 0, "axis": "y", "origin": [8, -12, 8]},
			"faces": {
				"north": {"uv": [11.5, 10, 13, 10.5], "texture": "#0"},
				"east": {"uv": [10.5, 7, 12.5, 7.5], "texture": "#0"},
				"south": {"uv": [12, 12, 13.5, 12.5], "texture": "#0"},
				"west": {"uv": [10.5, 7.5, 12.5, 8], "texture": "#0"},
				"up": {"uv": [4, 9, 2.5, 7], "texture": "#0"},
				"down": {"uv": [9.5, 3, 8, 5], "texture": "#0"}
			}
		},
		{
			"from": [10, 11, 8],
			"to": [11, 12, 9],
			"rotation": {"angle": 0, "axis": "y", "origin": [8, -12, 8]},
			"faces": {
				"north": {"uv": [14, 10, 14.5, 10.5], "texture": "#0"},
				"east": {"uv": [14, 11, 14.5, 11.5], "texture": "#0"},
				"south": {"uv": [14, 11.5, 14.5, 12], "texture": "#0"},
				"west": {"uv": [14, 12, 14.5, 12.5], "texture": "#0"},
				"up": {"uv": [14.5, 14, 14, 13.5], "texture": "#0"},
				"down": {"uv": [2.5, 14.5, 2, 15], "texture": "#0"}
			}
		},
		{
			"from": [4, 3, 3],
			"to": [5, 5, 4],
			"rotation": {"angle": 0, "axis": "y", "origin": [8, -12, 8]},
			"faces": {
				"north": {"uv": [5.5, 14.5, 6, 15], "texture": "#0"},
				"east": {"uv": [6, 14.5, 6.5, 15], "texture": "#0"},
				"south": {"uv": [8, 14.5, 8.5, 15], "texture": "#0"},
				"west": {"uv": [8.5, 14.5, 9, 15], "texture": "#0"},
				"up": {"uv": [9.5, 15, 9, 14.5], "texture": "#0"},
				"down": {"uv": [10, 14.5, 9.5, 15], "texture": "#0"}
			}
		},
		{
			"from": [11, 3, 3],
			"to": [12, 5, 4],
			"rotation": {"angle": 0, "axis": "y", "origin": [8, -12, 8]},
			"faces": {
				"north": {"uv": [10, 14.5, 10.5, 15], "texture": "#0"},
				"east": {"uv": [10.5, 14.5, 11, 15], "texture": "#0"},
				"south": {"uv": [11, 14.5, 11.5, 15], "texture": "#0"},
				"west": {"uv": [11.5, 14.5, 12, 15], "texture": "#0"},
				"up": {"uv": [12.5, 15, 12, 14.5], "texture": "#0"},
				"down": {"uv": [13, 14.5, 12.5, 15], "texture": "#0"}
			}
		},
		{
			"from": [9, 11, 4],
			"to": [12, 12, 8],
			"rotation": {"angle": 0, "axis": "y", "origin": [8, -12, 8]},
			"faces": {
				"north": {"uv": [12, 11.5, 13.5, 12], "texture": "#0"},
				"east": {"uv": [9, 11, 11, 11.5], "texture": "#0"},
				"south": {"uv": [12, 12.5, 13.5, 13], "texture": "#0"},
				"west": {"uv": [11, 11, 13, 11.5], "texture": "#0"},
				"up": {"uv": [4, 11, 2.5, 9], "texture": "#0"},
				"down": {"uv": [10.5, 9, 9, 11], "texture": "#0"}
			}
		},
		{
			"from": [5, 4, 11],
			"to": [6, 5, 12],
			"rotation": {"angle": 0, "axis": "y", "origin": [8, -12, 8]},
			"faces": {
				"north": {"uv": [13, 14.5, 13.5, 15], "texture": "#0"},
				"east": {"uv": [13.5, 14.5, 14, 15], "texture": "#0"},
				"south": {"uv": [14.5, 14.5, 15, 15], "texture": "#0"},
				"west": {"uv": [14.5, 0, 15, 0.5], "texture": "#0"},
				"up": {"uv": [15, 1, 14.5, 0.5], "texture": "#0"},
				"down": {"uv": [15, 1, 14.5, 1.5], "texture": "#0"}
			}
		},
		{
			"from": [10, 4, 11],
			"to": [11, 5, 12],
			"rotation": {"angle": 0, "axis": "y", "origin": [8, -12, 8]},
			"faces": {
				"north": {"uv": [14.5, 1.5, 15, 2], "texture": "#0"},
				"east": {"uv": [14.5, 2, 15, 2.5], "texture": "#0"},
				"south": {"uv": [14.5, 2.5, 15, 3], "texture": "#0"},
				"west": {"uv": [14.5, 3, 15, 3.5], "texture": "#0"},
				"up": {"uv": [15, 4, 14.5, 3.5], "texture": "#0"},
				"down": {"uv": [15, 4, 14.5, 4.5], "texture": "#0"}
			}
		},
		{
			"from": [5, 6, 12],
			"to": [6, 7, 13],
			"rotation": {"angle": 0, "axis": "y", "origin": [8, -12, 8]},
			"faces": {
				"north": {"uv": [14.5, 4.5, 15, 5], "texture": "#0"},
				"east": {"uv": [14.5, 5, 15, 5.5], "texture": "#0"},
				"south": {"uv": [14.5, 5.5, 15, 6], "texture": "#0"},
				"west": {"uv": [14.5, 6, 15, 6.5], "texture": "#0"},
				"up": {"uv": [15, 7, 14.5, 6.5], "texture": "#0"},
				"down": {"uv": [15, 7, 14.5, 7.5], "texture": "#0"}
			}
		},
		{
			"from": [10, 6, 12],
			"to": [11, 7, 13],
			"rotation": {"angle": 0, "axis": "y", "origin": [8, -12, 8]},
			"faces": {
				"north": {"uv": [14.5, 7.5, 15, 8], "texture": "#0"},
				"east": {"uv": [14.5, 8, 15, 8.5], "texture": "#0"},
				"south": {"uv": [14.5, 8.5, 15, 9], "texture": "#0"},
				"west": {"uv": [14.5, 10, 15, 10.5], "texture": "#0"},
				"up": {"uv": [15, 11, 14.5, 10.5], "texture": "#0"},
				"down": {"uv": [15, 11, 14.5, 11.5], "texture": "#0"}
			}
		},
		{
			"from": [4, 7, 12],
			"to": [7, 10, 13],
			"rotation": {"angle": 0, "axis": "y", "origin": [8, -12, 8]},
			"faces": {
				"north": {"uv": [4, 2.5, 5.5, 4], "texture": "#0"},
				"east": {"uv": [2.5, 12.5, 3, 14], "texture": "#0"},
				"south": {"uv": [5.5, 2.5, 7, 4], "texture": "#0"},
				"west": {"uv": [3, 12.5, 3.5, 14], "texture": "#0"},
				"up": {"uv": [14, 6, 12.5, 5.5], "texture": "#0"},
				"down": {"uv": [14, 6, 12.5, 6.5], "texture": "#0"}
			}
		},
		{
			"from": [3.7, 9, 4],
			"to": [4.7, 10, 6],
			"rotation": {"angle": 0, "axis": "y", "origin": [8, -12, 8]},
			"faces": {
				"north": {"uv": [14.5, 11.5, 15, 12], "texture": "#0"},
				"east": {"uv": [6, 13.5, 7, 14], "texture": "#0"},
				"south": {"uv": [14.5, 12, 15, 12.5], "texture": "#0"},
				"west": {"uv": [7, 13.5, 8, 14], "texture": "#0"},
				"up": {"uv": [9, 14.5, 8.5, 13.5], "texture": "#0"},
				"down": {"uv": [9.5, 13.5, 9, 14.5], "texture": "#0"}
			}
		},
		{
			"from": [10, 10, 3],
			"to": [11, 11, 4],
			"rotation": {"angle": 0, "axis": "y", "origin": [8, -12, 8]},
			"faces": {
				"north": {"uv": [14.5, 12.5, 15, 13], "texture": "#0"},
				"east": {"uv": [14.5, 13, 15, 13.5], "texture": "#0"},
				"south": {"uv": [14.5, 13.5, 15, 14], "texture": "#0"},
				"west": {"uv": [14.5, 14, 15, 14.5], "texture": "#0"},
				"up": {"uv": [0.5, 15.5, 0, 15], "texture": "#0"},
				"down": {"uv": [1, 15, 0.5, 15.5], "texture": "#0"}
			}
		},
		{
			"from": [3, 6, 3],
			"to": [4, 7, 5],
			"rotation": {"angle": 0, "axis": "y", "origin": [8, -12, 8]},
			"faces": {
				"north": {"uv": [1, 15, 1.5, 15.5], "texture": "#0"},
				"east": {"uv": [1.5, 15, 2, 15.5], "texture": "#0"},
				"south": {"uv": [2, 15, 2.5, 15.5], "texture": "#0"},
				"west": {"uv": [2.5, 15, 3, 15.5], "texture": "#0"},
				"up": {"uv": [3.5, 15.5, 3, 15], "texture": "#0"},
				"down": {"uv": [4, 15, 3.5, 15.5], "texture": "#0"}
			}
		},
		{
			"from": [3, 8, 4],
			"to": [4, 9, 5],
			"rotation": {"angle": 0, "axis": "y", "origin": [8, -12, 8]},
			"faces": {
				"north": {"uv": [4, 15, 4.5, 15.5], "texture": "#0"},
				"east": {"uv": [4.5, 15, 5, 15.5], "texture": "#0"},
				"south": {"uv": [5, 15, 5.5, 15.5], "texture": "#0"},
				"west": {"uv": [5.5, 15, 6, 15.5], "texture": "#0"},
				"up": {"uv": [6.5, 15.5, 6, 15], "texture": "#0"},
				"down": {"uv": [7, 15, 6.5, 15.5], "texture": "#0"}
			}
		},
		{
			"from": [9, 7, 12],
			"to": [12, 10, 13],
			"rotation": {"angle": 0, "axis": "y", "origin": [8, -12, 8]},
			"faces": {
				"north": {"uv": [8, 5, 9.5, 6.5], "texture": "#0"},
				"east": {"uv": [5, 12.5, 5.5, 14], "texture": "#0"},
				"south": {"uv": [9, 6.5, 10.5, 8], "texture": "#0"},
				"west": {"uv": [5.5, 12.5, 6, 14], "texture": "#0"},
				"up": {"uv": [14, 7.5, 12.5, 7], "texture": "#0"},
				"down": {"uv": [14, 7.5, 12.5, 8], "texture": "#0"}
			}
		},
		{
			"from": [5, 10, 3],
			"to": [6, 11, 4],
			"rotation": {"angle": 0, "axis": "y", "origin": [8, -12, 8]},
			"faces": {
				"north": {"uv": [7, 15, 7.5, 15.5], "texture": "#0"},
				"east": {"uv": [7.5, 15, 8, 15.5], "texture": "#0"},
				"south": {"uv": [8, 15, 8.5, 15.5], "texture": "#0"},
				"west": {"uv": [8.5, 15, 9, 15.5], "texture": "#0"},
				"up": {"uv": [9.5, 15.5, 9, 15], "texture": "#0"},
				"down": {"uv": [10, 15, 9.5, 15.5], "texture": "#0"}
			}
		},
		{
			"from": [3, 8, 3],
			"to": [5, 9, 4],
			"rotation": {"angle": 0, "axis": "y", "origin": [8, -12, 8]},
			"faces": {
				"north": {"uv": [10, 15, 10.5, 15.5], "texture": "#0"},
				"east": {"uv": [10.5, 15, 11, 15.5], "texture": "#0"},
				"south": {"uv": [11, 15, 11.5, 15.5], "texture": "#0"},
				"west": {"uv": [11.5, 15, 12, 15.5], "texture": "#0"},
				"up": {"uv": [12.5, 15.5, 12, 15], "texture": "#0"},
				"down": {"uv": [13, 15, 12.5, 15.5], "texture": "#0"}
			}
		},
		{
			"from": [5, 3, 3.6],
			"to": [11, 4, 4.6],
			"rotation": {"angle": 0, "axis": "y", "origin": [8, -12, 8]},
			"faces": {
				"north": {"uv": [5, 10, 8, 10.5], "texture": "#0"},
				"east": {"uv": [13, 15, 13.5, 15.5], "texture": "#0"},
				"south": {"uv": [5, 10.5, 8, 11], "texture": "#0"},
				"west": {"uv": [13.5, 15, 14, 15.5], "texture": "#0"},
				"up": {"uv": [13.5, 3, 10.5, 2.5], "texture": "#0"},
				"down": {"uv": [13.5, 6.5, 10.5, 7], "texture": "#0"}
			}
		},
		{
			"from": [3, 6, 5],
			"to": [4, 7, 6],
			"rotation": {"angle": 0, "axis": "y", "origin": [8, -12, 8]},
			"faces": {
				"north": {"uv": [14, 15, 14.5, 15.5], "texture": "#0"},
				"east": {"uv": [14.5, 15, 15, 15.5], "texture": "#0"},
				"south": {"uv": [15, 15, 15.5, 15.5], "texture": "#0"},
				"west": {"uv": [15, 0, 15.5, 0.5], "texture": "#0"},
				"up": {"uv": [15.5, 1, 15, 0.5], "texture": "#0"},
				"down": {"uv": [15.5, 1, 15, 1.5], "texture": "#0"}
			}
		},
		{
			"from": [3, 7, 6],
			"to": [4, 8, 7],
			"rotation": {"angle": 0, "axis": "y", "origin": [8, -12, 8]},
			"faces": {
				"north": {"uv": [15, 1.5, 15.5, 2], "texture": "#0"},
				"east": {"uv": [15, 2, 15.5, 2.5], "texture": "#0"},
				"south": {"uv": [15, 2.5, 15.5, 3], "texture": "#0"},
				"west": {"uv": [15, 3, 15.5, 3.5], "texture": "#0"},
				"up": {"uv": [15.5, 4, 15, 3.5], "texture": "#0"},
				"down": {"uv": [15.5, 4, 15, 4.5], "texture": "#0"}
			}
		},
		{
			"from": [3, 8, 5],
			"to": [4, 9, 6],
			"rotation": {"angle": 0, "axis": "y", "origin": [8, -12, 8]},
			"faces": {
				"north": {"uv": [15, 4.5, 15.5, 5], "texture": "#0"},
				"east": {"uv": [15, 5, 15.5, 5.5], "texture": "#0"},
				"south": {"uv": [15, 5.5, 15.5, 6], "texture": "#0"},
				"west": {"uv": [15, 6, 15.5, 6.5], "texture": "#0"},
				"up": {"uv": [15.5, 7, 15, 6.5], "texture": "#0"},
				"down": {"uv": [15.5, 7, 15, 7.5], "texture": "#0"}
			}
		},
		{
			"from": [4, 5, 11],
			"to": [12, 10, 12],
			"rotation": {"angle": 0, "axis": "y", "origin": [8, -12, 8]},
			"faces": {
				"north": {"uv": [4, 4, 8, 6.5], "texture": "#0"},
				"east": {"uv": [1.5, 11, 2, 13.5], "texture": "#0"},
				"south": {"uv": [4, 0, 8, 2.5], "texture": "#0"},
				"west": {"uv": [3.5, 11, 4, 13.5], "texture": "#0"},
				"up": {"uv": [13.5, 5, 9.5, 4.5], "texture": "#0"},
				"down": {"uv": [13.5, 5, 9.5, 5.5], "texture": "#0"}
			}
		},
		{
			"from": [12, 8, 3],
			"to": [13, 9, 6],
			"rotation": {"angle": 0, "axis": "y", "origin": [8, -12, 8]},
			"faces": {
				"north": {"uv": [15, 7.5, 15.5, 8], "texture": "#0"},
				"east": {"uv": [12.5, 9, 14, 9.5], "texture": "#0"},
				"south": {"uv": [15, 8, 15.5, 8.5], "texture": "#0"},
				"west": {"uv": [12.5, 9.5, 14, 10], "texture": "#0"},
				"up": {"uv": [2.5, 14.5, 2, 13], "texture": "#0"},
				"down": {"uv": [8.5, 13, 8, 14.5], "texture": "#0"}
			}
		},
		{
			"from": [12, 6, 3],
			"to": [13, 7, 6],
			"rotation": {"angle": 0, "axis": "y", "origin": [8, -12, 8]},
			"faces": {
				"north": {"uv": [15, 8.5, 15.5, 9], "texture": "#0"},
				"east": {"uv": [8.5, 13, 10, 13.5], "texture": "#0"},
				"south": {"uv": [15, 9, 15.5, 9.5], "texture": "#0"},
				"west": {"uv": [10, 13, 11.5, 13.5], "texture": "#0"},
				"up": {"uv": [12, 14.5, 11.5, 13], "texture": "#0"},
				"down": {"uv": [12.5, 13, 12, 14.5], "texture": "#0"}
			}
		},
		{
			"from": [11, 8, 3],
			"to": [12, 9, 4],
			"rotation": {"angle": 0, "axis": "y", "origin": [8, -12, 8]},
			"faces": {
				"north": {"uv": [15, 9.5, 15.5, 10], "texture": "#0"},
				"east": {"uv": [15, 10, 15.5, 10.5], "texture": "#0"},
				"south": {"uv": [15, 10.5, 15.5, 11], "texture": "#0"},
				"west": {"uv": [15, 11, 15.5, 11.5], "texture": "#0"},
				"up": {"uv": [15.5, 12, 15, 11.5], "texture": "#0"},
				"down": {"uv": [15.5, 12, 15, 12.5], "texture": "#0"}
			}
		},
		{
			"from": [6, 3, 11],
			"to": [10, 5, 12],
			"rotation": {"angle": 0, "axis": "y", "origin": [8, -12, 8]},
			"faces": {
				"north": {"uv": [9.5, 5.5, 11.5, 6.5], "texture": "#0"},
				"east": {"uv": [9.5, 13.5, 10, 14.5], "texture": "#0"},
				"south": {"uv": [0, 10, 2, 11], "texture": "#0"},
				"west": {"uv": [10, 13.5, 10.5, 14.5], "texture": "#0"},
				"up": {"uv": [10, 12, 8, 11.5], "texture": "#0"},
				"down": {"uv": [12, 11.5, 10, 12], "texture": "#0"}
			}
		},
		{
			"from": [12, 7, 6],
			"to": [13, 8, 7],
			"rotation": {"angle": 0, "axis": "y", "origin": [8, -12, 8]},
			"faces": {
				"north": {"uv": [15, 12.5, 15.5, 13], "texture": "#0"},
				"east": {"uv": [15, 13, 15.5, 13.5], "texture": "#0"},
				"south": {"uv": [15, 13.5, 15.5, 14], "texture": "#0"},
				"west": {"uv": [15, 14, 15.5, 14.5], "texture": "#0"},
				"up": {"uv": [15.5, 15, 15, 14.5], "texture": "#0"},
				"down": {"uv": [0.5, 15.5, 0, 16], "texture": "#0"}
			}
		},
		{
			"from": [11.3, 4, 6],
			"to": [12.3, 10, 11],
			"rotation": {"angle": 0, "axis": "y", "origin": [8, -12, 8]},
			"faces": {
				"north": {"uv": [2, 10, 2.5, 13], "texture": "#0"},
				"east": {"uv": [4, 6.5, 6.5, 9.5], "texture": "#0"},
				"south": {"uv": [0, 11, 0.5, 14], "texture": "#0"},
				"west": {"uv": [6.5, 6.5, 9, 9.5], "texture": "#0"},
				"up": {"uv": [6.5, 13.5, 6, 11], "texture": "#0"},
				"down": {"uv": [7, 11, 6.5, 13.5], "texture": "#0"}
			}
		},
		{
			"from": [3.7, 4, 6],
			"to": [4.7, 10, 11],
			"rotation": {"angle": 0, "axis": "y", "origin": [8, -12, 8]},
			"faces": {
				"north": {"uv": [0.5, 11, 1, 14], "texture": "#0"},
				"east": {"uv": [0, 7, 2.5, 10], "texture": "#0"},
				"south": {"uv": [1, 11, 1.5, 14], "texture": "#0"},
				"west": {"uv": [8, 0, 10.5, 3], "texture": "#0"},
				"up": {"uv": [7.5, 13.5, 7, 11], "texture": "#0"},
				"down": {"uv": [8, 11, 7.5, 13.5], "texture": "#0"}
			}
		},
		{
			"from": [12, 3, 4],
			"to": [13, 6, 6],
			"rotation": {"angle": 0, "axis": "y", "origin": [8, -12, 8]},
			"faces": {
				"north": {"uv": [12.5, 13, 13, 14.5], "texture": "#0"},
				"east": {"uv": [7, 2.5, 8, 4], "texture": "#0"},
				"south": {"uv": [13, 13, 13.5, 14.5], "texture": "#0"},
				"west": {"uv": [10.5, 9, 11.5, 10.5], "texture": "#0"},
				"up": {"uv": [11, 14.5, 10.5, 13.5], "texture": "#0"},
				"down": {"uv": [11.5, 13.5, 11, 14.5], "texture": "#0"}
			}
		},
		{
			"from": [3, 3, 4],
			"to": [4, 6, 6],
			"rotation": {"angle": 0, "axis": "y", "origin": [8, -12, 8]},
			"faces": {
				"north": {"uv": [1.5, 13.5, 2, 15], "texture": "#0"},
				"east": {"uv": [2.5, 11, 3.5, 12.5], "texture": "#0"},
				"south": {"uv": [3.5, 13.5, 4, 15], "texture": "#0"},
				"west": {"uv": [5, 11, 6, 12.5], "texture": "#0"},
				"up": {"uv": [14, 14.5, 13.5, 13.5], "texture": "#0"},
				"down": {"uv": [14, 2.5, 13.5, 3.5], "texture": "#0"}
			}
		},
		{
			"from": [11.3, 9, 4],
			"to": [12.3, 10, 6],
			"rotation": {"angle": 0, "axis": "y", "origin": [8, -12, 8]},
			"faces": {
				"north": {"uv": [0.5, 15.5, 1, 16], "texture": "#0"},
				"east": {"uv": [13.5, 3.5, 14.5, 4], "texture": "#0"},
				"south": {"uv": [1, 15.5, 1.5, 16], "texture": "#0"},
				"west": {"uv": [13.5, 4, 14.5, 4.5], "texture": "#0"},
				"up": {"uv": [14, 5.5, 13.5, 4.5], "texture": "#0"},
				"down": {"uv": [14, 11.5, 13.5, 12.5], "texture": "#0"}
			}
		},
		{
			"from": [7, 4, 3],
			"to": [9, 7, 4],
			"rotation": {"angle": 0, "axis": "y", "origin": [8, -12, 8]},
			"faces": {
				"north": {"uv": [8, 9.5, 9, 11], "texture": "#0"},
				"east": {"uv": [4, 12, 4.5, 13.5], "texture": "#0"},
				"south": {"uv": [4, 10, 5, 11.5], "texture": "#0"},
				"west": {"uv": [4.5, 12, 5, 13.5], "texture": "#0"},
				"up": {"uv": [14.5, 7, 13.5, 6.5], "texture": "#0"},
				"down": {"uv": [14.5, 12.5, 13.5, 13], "texture": "#0"}
			}
		},
		{
			"from": [5, 4, 3],
			"to": [7, 6, 4],
			"rotation": {"angle": 0, "axis": "y", "origin": [8, -12, 8]},
			"faces": {
				"north": {"uv": [11.5, 5.5, 12.5, 6.5], "texture": "#0"},
				"east": {"uv": [0, 14, 0.5, 15], "texture": "#0"},
				"south": {"uv": [11.5, 9, 12.5, 10], "texture": "#0"},
				"west": {"uv": [0.5, 14, 1, 15], "texture": "#0"},
				"up": {"uv": [14.5, 13.5, 13.5, 13], "texture": "#0"},
				"down": {"uv": [3.5, 14, 2.5, 14.5], "texture": "#0"}
			}
		},
		{
			"from": [9, 4, 3],
			"to": [11, 6, 4],
			"rotation": {"angle": 0, "axis": "y", "origin": [8, -12, 8]},
			"faces": {
				"north": {"uv": [8, 12, 9, 13], "texture": "#0"},
				"east": {"uv": [1, 14, 1.5, 15], "texture": "#0"},
				"south": {"uv": [9, 12, 10, 13], "texture": "#0"},
				"west": {"uv": [4, 14, 4.5, 15], "texture": "#0"},
				"up": {"uv": [5.5, 14.5, 4.5, 14], "texture": "#0"},
				"down": {"uv": [6.5, 14, 5.5, 14.5], "texture": "#0"}
			}
		},
		{
			"from": [4, 5, 3],
			"to": [5, 7, 4],
			"rotation": {"angle": 0, "axis": "y", "origin": [8, -12, 8]},
			"faces": {
				"north": {"uv": [6.5, 14, 7, 15], "texture": "#0"},
				"east": {"uv": [7, 14, 7.5, 15], "texture": "#0"},
				"south": {"uv": [7.5, 14, 8, 15], "texture": "#0"},
				"west": {"uv": [14, 14, 14.5, 15], "texture": "#0"},
				"up": {"uv": [2, 16, 1.5, 15.5], "texture": "#0"},
				"down": {"uv": [2.5, 15.5, 2, 16], "texture": "#0"}
			}
		},
		{
			"from": [11, 5, 3],
			"to": [12, 7, 4],
			"rotation": {"angle": 0, "axis": "y", "origin": [8, -12, 8]},
			"faces": {
				"north": {"uv": [14, 1.5, 14.5, 2.5], "texture": "#0"},
				"east": {"uv": [14, 2.5, 14.5, 3.5], "texture": "#0"},
				"south": {"uv": [14, 4.5, 14.5, 5.5], "texture": "#0"},
				"west": {"uv": [14, 5.5, 14.5, 6.5], "texture": "#0"},
				"up": {"uv": [3, 16, 2.5, 15.5], "texture": "#0"},
				"down": {"uv": [3.5, 15.5, 3, 16], "texture": "#0"}
			}
		},
		{
			"from": [4, 2, 3],
			"to": [12, 3, 4],
			"rotation": {"angle": 0, "axis": "y", "origin": [8, -12, 8]},
			"faces": {
				"north": {"uv": [10.5, 10.5, 14.5, 11], "texture": "#0"},
				"east": {"uv": [3.5, 15.5, 4, 16], "texture": "#0"},
				"south": {"uv": [10.5, 0, 14.5, 0.5], "texture": "#0"},
				"west": {"uv": [4, 15.5, 4.5, 16], "texture": "#0"},
				"up": {"uv": [14.5, 1, 10.5, 0.5], "texture": "#0"},
				"down": {"uv": [14.5, 1, 10.5, 1.5], "texture": "#0"}
			}
		},
		{
			"from": [5, 11, 8],
			"to": [6, 12, 9],
			"rotation": {"angle": 0, "axis": "y", "origin": [8, -12, 8]},
			"faces": {
				"north": {"uv": [4.5, 15.5, 5, 16], "texture": "#0"},
				"east": {"uv": [5, 15.5, 5.5, 16], "texture": "#0"},
				"south": {"uv": [5.5, 15.5, 6, 16], "texture": "#0"},
				"west": {"uv": [6, 15.5, 6.5, 16], "texture": "#0"},
				"up": {"uv": [7, 16, 6.5, 15.5], "texture": "#0"},
				"down": {"uv": [7.5, 15.5, 7, 16], "texture": "#0"}
			}
		},
		{
			"from": [3, 6, 3],
			"to": [13, 9, 6],
			"faces": {
				"north": {"uv": [1.5, 1.5, 6.5, 3], "texture": "#1"},
				"east": {"uv": [0, 1.5, 1.5, 3], "texture": "#1"},
				"south": {"uv": [8, 1.5, 13, 3], "texture": "#1"},
				"west": {"uv": [6.5, 1.5, 8, 3], "texture": "#1"},
				"up": {"uv": [6.5, 1.5, 1.5, 0], "texture": "#1"},
				"down": {"uv": [11.5, 0, 6.5, 1.5], "texture": "#1"}
			}
		}
	],
	"display": {
		"thirdperson_righthand": {
			"translation": [0, 3, 1],
			"scale": [0.55, 0.55, 0.55]
		},
		"thirdperson_lefthand": {
			"translation": [0, 3, 1],
			"scale": [0.55, 0.55, 0.55]
		},
		"firstperson_righthand": {
			"translation": [0, 3, 1],
			"scale": [0.55, 0.55, 0.55]
		},
		"firstperson_lefthand": {
			"translation": [0, 3, 1],
			"scale": [0.55, 0.55, 0.55]
		},
		"ground": {
			"translation": [0, 2.25, 0]
		},
		"gui": {
			"rotation": [30, 135, 0],
			"translation": [0.5, 1.5, 0]
		},
		"head": {
			"translation": [0, 1.5, 1],
			"scale": [1.85664, 1.85664, 1.85664]
		}
	},
	"groups": [
		{
			"name": "Helment",
			"origin": [8, 8, 8],
			"children": [0, 1, 2, 3, 4, 5, 6, 7, 8, 9, 10, 11, 12, 13, 14, 15, 16, 17, 18, 19, 20, 21, 22, 23, 24, 25, 26, 27, 28, 29, 30, 31, 32, 33, 34, 35, 36, 37, 38, 39, 40, 41, 42]
		}
	]
}