{
	"credit": "By Limonchik_",
	"textures": {
		"0": "item/lazer_gun",
		"particle": "item/lazer_gun"
	},
	"elements": [
		{
			"from": [6.5, 6.5, 6.5],
			"to": [9.5, 9.5, 9.5],
			"faces": {
				"north": {"uv": [0.5, 3.5, 1, 4], "texture": "#0"},
				"east": {"uv": [0.5, 3.5, 1, 4], "texture": "#0"},
				"south": {"uv": [0.5, 3.5, 1, 4], "texture": "#0"},
				"west": {"uv": [0.5, 3.5, 1, 4], "texture": "#0"},
				"up": {"uv": [0.5, 3.5, 1, 4], "texture": "#0"},
				"down": {"uv": [0.5, 3.5, 1, 4], "texture": "#0"}
			}
		}
	],
	"display": {
		"thirdperson_righthand": {
			"rotation": [0, -90, 0],
			"translation": [-0.5, 1.5, 0],
			"scale": [1.9, 1.9, 1.9]
		},
		"thirdperson_lefthand": {
			"rotation": [0, -90, 0],
			"translation": [-0.5, 1.5, 0],
			"scale": [1.9, 1.9, 1.9]
		},
		"firstperson_righthand": {
			"rotation": [0, -90, 0],
			"translation": [-0.5, 1.5, 0],
			"scale": [1.9, 1.9, 1.9]
		},
		"firstperson_lefthand": {
			"rotation": [0, -90, 0],
			"translation": [-0.5, 1.5, 0],
			"scale": [1.9, 1.9, 1.9]
		},
		"ground": {
			"rotation": [0, -90, 0],
			"translation": [-0.5, 1.5, 0],
			"scale": [1.9, 1.9, 1.9]
		},
		"gui": {
			"translation": [-0.5, 1.5, 0],
			"scale": [1.9, 1.9, 1.9]
		},
		"head": {
			"rotation": [0, -90, 0],
			"translation": [0, 1.5, 0],
			"scale": [1.9, 1.9, 1.9]
		},
		"fixed": {
			"translation": [-0.5, 1.5, 0],
			"scale": [1.9, 1.9, 1.9]
		}
	}
}