{
	"credit": "By Limonchik_",
	"textures": {
		"0": "item/rusty_key",
		"particle": "item/rusty_key"
	},
	"elements": [
		{
			"from": [7, 0, 7],
			"to": [9, 1, 8],
			"faces": {
				"north": {"uv": [5, 1, 7, 2], "texture": "#0"},
				"east": {"uv": [4, 1, 5, 2], "texture": "#0"},
				"south": {"uv": [8, 1, 10, 2], "texture": "#0"},
				"west": {"uv": [7, 1, 8, 2], "texture": "#0"},
				"up": {"uv": [7, 1, 5, 0], "texture": "#0"},
				"down": {"uv": [9, 0, 7, 1], "texture": "#0"}
			}
		},
		{
			"from": [7, 3, 7],
			"to": [9, 4, 8],
			"faces": {
				"north": {"uv": [5, 5, 7, 6], "texture": "#0"},
				"east": {"uv": [4, 5, 5, 6], "texture": "#0"},
				"south": {"uv": [8, 5, 10, 6], "texture": "#0"},
				"west": {"uv": [7, 5, 8, 6], "texture": "#0"},
				"up": {"uv": [7, 5, 5, 4], "texture": "#0"},
				"down": {"uv": [9, 4, 7, 5], "texture": "#0"}
			}
		},
		{
			"from": [6, 1, 7],
			"to": [7, 3, 8],
			"faces": {
				"north": {"uv": [8, 8, 9, 10], "texture": "#0"},
				"east": {"uv": [7, 8, 8, 10], "texture": "#0"},
				"south": {"uv": [10, 8, 11, 10], "texture": "#0"},
				"west": {"uv": [9, 8, 10, 10], "texture": "#0"},
				"up": {"uv": [9, 8, 8, 7], "texture": "#0"},
				"down": {"uv": [10, 7, 9, 8], "texture": "#0"}
			}
		},
		{
			"from": [7.5, 4, 7],
			"to": [8.5, 10, 8],
			"faces": {
				"north": {"uv": [1, 1, 2, 7], "texture": "#0"},
				"east": {"uv": [0, 1, 1, 7], "texture": "#0"},
				"south": {"uv": [3, 1, 4, 7], "texture": "#0"},
				"west": {"uv": [2, 1, 3, 7], "texture": "#0"},
				"up": {"uv": [2, 1, 1, 0], "texture": "#0"},
				"down": {"uv": [3, 0, 2, 1], "texture": "#0"}
			}
		},
		{
			"from": [8.5, 8.5, 7],
			"to": [9.5, 9.5, 8],
			"rotation": {"angle": 0, "axis": "z", "origin": [8, 7.5, 8]},
			"faces": {
				"north": {"uv": [1, 9, 2, 10], "texture": "#0"},
				"east": {"uv": [0, 9, 1, 10], "texture": "#0"},
				"south": {"uv": [3, 9, 4, 10], "texture": "#0"},
				"west": {"uv": [2, 9, 3, 10], "texture": "#0"},
				"up": {"uv": [2, 9, 1, 8], "texture": "#0"},
				"down": {"uv": [3, 8, 2, 9], "texture": "#0"}
			}
		},
		{
			"from": [8.5, 7, 7],
			"to": [9.5, 8, 8],
			"rotation": {"angle": 0, "axis": "z", "origin": [8, 7.5, 8]},
			"faces": {
				"north": {"uv": [5, 3, 6, 4], "texture": "#0"},
				"east": {"uv": [4, 3, 5, 4], "texture": "#0"},
				"south": {"uv": [7, 3, 8, 4], "texture": "#0"},
				"west": {"uv": [6, 3, 7, 4], "texture": "#0"},
				"up": {"uv": [6, 3, 5, 2], "texture": "#0"},
				"down": {"uv": [7, 2, 6, 3], "texture": "#0"}
			}
		},
		{
			"from": [9, 1, 7],
			"to": [10, 3, 8],
			"faces": {
				"north": {"uv": [4, 7, 5, 9], "texture": "#0"},
				"east": {"uv": [3, 7, 4, 9], "texture": "#0"},
				"south": {"uv": [6, 7, 7, 9], "texture": "#0"},
				"west": {"uv": [5, 7, 6, 9], "texture": "#0"},
				"up": {"uv": [5, 7, 4, 6], "texture": "#0"},
				"down": {"uv": [6, 6, 5, 7], "texture": "#0"}
			}
		}
	],
	"display": {
		"thirdperson_righthand": {
			"rotation": [0, 90, 0],
			"translation": [0, 5.5, 0],
			"scale": [0.9, 0.9, 0.9]
		},
		"thirdperson_lefthand": {
			"rotation": [0, -90, 0],
			"translation": [0, 5.5, 0],
			"scale": [0.9, 0.9, 0.9]
		},
		"firstperson_righthand": {
			"rotation": [0, 90, 0],
			"translation": [0, 5.5, 0],
			"scale": [0.9, 0.9, 0.9]
		},
		"firstperson_lefthand": {
			"rotation": [0, -90, 0],
			"translation": [0, 5.5, 0],
			"scale": [0.9, 0.9, 0.9]
		},
		"ground": {
			"rotation": [90, 0, 0],
			"translation": [-0.5, 0, 2.5]
		},
		"gui": {
			"rotation": [20, 20, -45],
			"translation": [3, 2.75, 0],
			"scale": [1.1, 1.1, 1.1]
		},
		"fixed": {
			"translation": [0, 3.25, 0],
			"scale": [0.9, 0.9, 0.9]
		}
	}
}