{
   "laser_shot": {
        "category": "master",
        "sounds": [
            {
                "name": "laser_gun_shot/laser_gun_shot1",
                "stream": true
            },
			{
                "name": "laser_gun_shot/laser_gun_shot2",
                "stream": true
            },
			{
                "name": "laser_gun_shot/laser_gun_shot3",
                "stream": true
            }]
    },
    "heartbeat": {
        "category": "master",
        "sounds": [
         {
             "name": "heartbeat/heartbeat",
             "stream": true
         }]
    },
    "planks.pressed": {
        "sounds": [
            {
                "name": "planks/planks_pressed",
                "stream": true
            }],
        "subtitle": "subtitles.planks.pressed"
    },
    "planks.pressed_out": {
        "sounds": [
            {
                "name": "planks/planks_pressed_out",
                "stream": true
            }],
        "subtitle": "subtitles.planks.pressed_out"
    },
	"bonus.superglue.use": {
        "category": "master",
        "sounds": [
            {
                "name": "bonuses/super_glue/super_glue",
                "stream": true
            }]
    },
    "bonus.heal.use": {
         "category": "master",
         "sounds": [
             {
                 "name": "bonuses/heal/heal_1",
                 "stream": true
             },
             {
                 "name": "bonuses/heal/heal_2",
                 "stream": true
             },
             {
                 "name": "bonuses/heal/heal_3",
                 "stream": true
             }]
     },
     "bonus.radar.use": {
         "category": "master",
         "sounds": [
             {
                 "name": "bonuses/radar/radar",
                 "stream": true
             }]
     },
     "bonus.cloak.use": {
         "category": "master",
         "sounds": [
             {
                 "name": "bonuses/cloak/cloak",
                 "stream": true
             }]
     },
     "bonus.mine.detonate": {
         "category": "master",
         "sounds": [
             {
                 "name": "bonuses/mine/detonate",
                 "stream": true
             }]
     },
     "bonus.mine.deactivate": {
         "category": "master",
         "sounds": [
             {
                 "name": "bonuses/mine/deactivate_1",
                 "stream": true
             },
             {
                 "name": "bonuses/mine/deactivate_2",
                 "stream": true
             }]
     },
     "bonus.mine.cancel": {
         "category": "master",
         "sounds": [
             {
                 "name": "bonuses/mine/cancel",
                 "stream": true
             }]
     },
     "bonus.eye.use": {
         "category": "master",
         "sounds": [
             {
                 "name": "bonuses/eye/eye",
                 "stream": true
             }]
     }
}