{
	"credit": "By Limonchik_",
	"texture_size": [32, 32],
	"textures": {
		"2": "item/bonuses/mine_model",
		"particle": "item/bonuses/mine_model"
	},
	"elements": [
		{
			"from": [5, 1.5, 9.5],
			"to": [6.5, 2.25, 11],
			"rotation": {"angle": 0, "axis": "y", "origin": [10.9925, 7.48125, 15.48125]},
			"faces": {
				"north": {"uv": [10, 13, 11, 13.5], "texture": "#2"},
				"east": {"uv": [11, 13, 12, 13.5], "texture": "#2"},
				"south": {"uv": [12, 13, 13, 13.5], "texture": "#2"},
				"west": {"uv": [13, 13, 14, 13.5], "texture": "#2"},
				"up": {"uv": [13, 7.5, 12, 6.5], "texture": "#2"},
				"down": {"uv": [0, 0, 0, 0], "texture": "#2"}
			}
		},
		{
			"from": [6.5, 1.5, 6.5],
			"to": [9.5, 2.25, 9.5],
			"rotation": {"angle": 0, "axis": "y", "origin": [12.48875, 7.48125, 12.48875]},
			"faces": {
				"north": {"uv": [12, 7.5, 14, 8], "texture": "#2"},
				"east": {"uv": [12, 10, 14, 10.5], "texture": "#2"},
				"south": {"uv": [12, 10.5, 14, 11], "texture": "#2"},
				"west": {"uv": [12, 11, 14, 11.5], "texture": "#2"},
				"up": {"uv": [2, 11, 0, 9], "texture": "#2"},
				"down": {"uv": [0, 0, 0, 0], "texture": "#2"}
			}
		},
		{
			"from": [5, 1.5, 5],
			"to": [6.5, 2.25, 6.5],
			"rotation": {"angle": 0, "axis": "y", "origin": [10.9925, 7.48125, 10.9925]},
			"faces": {
				"north": {"uv": [13, 0, 14, 0.5], "texture": "#2"},
				"east": {"uv": [13, 0.5, 14, 1], "texture": "#2"},
				"south": {"uv": [13, 1, 14, 1.5], "texture": "#2"},
				"west": {"uv": [13, 1.5, 14, 2], "texture": "#2"},
				"up": {"uv": [1, 13.5, 0, 12.5], "texture": "#2"},
				"down": {"uv": [0, 0, 0, 0], "texture": "#2"}
			}
		},
		{
			"from": [9.5, 1.5, 5],
			"to": [11, 2.25, 6.5],
			"rotation": {"angle": 0, "axis": "y", "origin": [15.48125, 7.48125, 10.9925]},
			"faces": {
				"north": {"uv": [13, 2, 14, 2.5], "texture": "#2"},
				"east": {"uv": [13, 2.5, 14, 3], "texture": "#2"},
				"south": {"uv": [13, 3, 14, 3.5], "texture": "#2"},
				"west": {"uv": [13, 3.5, 14, 4], "texture": "#2"},
				"up": {"uv": [3, 13.5, 2, 12.5], "texture": "#2"},
				"down": {"uv": [0, 0, 0, 0], "texture": "#2"}
			}
		},
		{
			"from": [9.5, 1.5, 9.5],
			"to": [11, 2.25, 11],
			"rotation": {"angle": 0, "axis": "y", "origin": [15.48125, 7.48125, 15.48125]},
			"faces": {
				"north": {"uv": [13, 6.5, 14, 7], "texture": "#2"},
				"east": {"uv": [13, 7, 14, 7.5], "texture": "#2"},
				"south": {"uv": [13, 9, 14, 9.5], "texture": "#2"},
				"west": {"uv": [13, 9.5, 14, 10], "texture": "#2"},
				"up": {"uv": [5, 13.5, 4, 12.5], "texture": "#2"},
				"down": {"uv": [0, 0, 0, 0], "texture": "#2"}
			}
		},
		{
			"from": [9.5, 1.5, 8.75],
			"to": [10.25, 2.25, 9.5],
			"rotation": {"angle": 0, "axis": "y", "origin": [15.48125, 7.48125, 14.73313]},
			"faces": {
				"north": {"uv": [8, 13.5, 8.5, 14], "texture": "#2"},
				"east": {"uv": [8.5, 13.5, 9, 14], "texture": "#2"},
				"up": {"uv": [10.5, 14, 10, 13.5], "texture": "#2"},
				"down": {"uv": [0, 0, 0, 0], "texture": "#2"}
			}
		},
		{
			"from": [8.75, 1.5, 9.5],
			"to": [9.5, 2.25, 10.25],
			"rotation": {"angle": 0, "axis": "y", "origin": [14.73313, 7.48125, 15.48125]},
			"faces": {
				"south": {"uv": [12, 13.5, 12.5, 14], "texture": "#2"},
				"west": {"uv": [12.5, 13.5, 13, 14], "texture": "#2"},
				"up": {"uv": [13.5, 14, 13, 13.5], "texture": "#2"},
				"down": {"uv": [0, 0, 0, 0], "texture": "#2"}
			}
		},
		{
			"from": [6.5, 1.5, 9.5],
			"to": [7.25, 2.25, 10.25],
			"rotation": {"angle": 0, "axis": "y", "origin": [12.48875, 7.48125, 15.48125]},
			"faces": {
				"east": {"uv": [6.5, 14, 7, 14.5], "texture": "#2"},
				"south": {"uv": [7, 14, 7.5, 14.5], "texture": "#2"},
				"up": {"uv": [8.5, 14.5, 8, 14], "texture": "#2"},
				"down": {"uv": [0, 0, 0, 0], "texture": "#2"}
			}
		},
		{
			"from": [5.75, 1.5, 8.75],
			"to": [6.5, 2.25, 9.5],
			"rotation": {"angle": 0, "axis": "y", "origin": [11.74063, 7.48125, 14.73313]},
			"faces": {
				"north": {"uv": [9, 14, 9.5, 14.5], "texture": "#2"},
				"west": {"uv": [10.5, 14, 11, 14.5], "texture": "#2"},
				"up": {"uv": [11.5, 14.5, 11, 14], "texture": "#2"},
				"down": {"uv": [0, 0, 0, 0], "texture": "#2"}
			}
		},
		{
			"from": [5.75, 1.5, 6.5],
			"to": [6.5, 2.25, 7.25],
			"rotation": {"angle": 0, "axis": "y", "origin": [11.74063, 7.48125, 12.48875]},
			"faces": {
				"south": {"uv": [13, 14, 13.5, 14.5], "texture": "#2"},
				"west": {"uv": [13.5, 14, 14, 14.5], "texture": "#2"},
				"up": {"uv": [14.5, 14.5, 14, 14], "texture": "#2"},
				"down": {"uv": [0, 0, 0, 0], "texture": "#2"}
			}
		},
		{
			"from": [6.5, 1.5, 5.75],
			"to": [7.25, 2.25, 6.5],
			"rotation": {"angle": 0, "axis": "y", "origin": [12.48875, 7.48125, 11.74063]},
			"faces": {
				"north": {"uv": [14, 0.5, 14.5, 1], "texture": "#2"},
				"east": {"uv": [14, 1, 14.5, 1.5], "texture": "#2"},
				"up": {"uv": [14.5, 3, 14, 2.5], "texture": "#2"},
				"down": {"uv": [0, 0, 0, 0], "texture": "#2"}
			}
		},
		{
			"from": [8.75, 1.5, 5.75],
			"to": [9.5, 2.25, 6.5],
			"rotation": {"angle": 0, "axis": "y", "origin": [14.73313, 7.48125, 11.74063]},
			"faces": {
				"north": {"uv": [14, 3.5, 14.5, 4], "texture": "#2"},
				"west": {"uv": [14, 5.5, 14.5, 6], "texture": "#2"},
				"up": {"uv": [14.5, 6.5, 14, 6], "texture": "#2"},
				"down": {"uv": [0, 0, 0, 0], "texture": "#2"}
			}
		},
		{
			"from": [9.5, 1.5, 6.5],
			"to": [10.25, 2.25, 7.25],
			"rotation": {"angle": 0, "axis": "y", "origin": [15.48125, 7.48125, 12.48875]},
			"faces": {
				"east": {"uv": [14, 7.5, 14.5, 8], "texture": "#2"},
				"south": {"uv": [14, 9, 14.5, 9.5], "texture": "#2"},
				"up": {"uv": [14.5, 10.5, 14, 10], "texture": "#2"},
				"down": {"uv": [0, 0, 0, 0], "texture": "#2"}
			}
		},
		{
			"from": [6.5, 0, 12.5],
			"to": [9.5, 1.5, 13.25],
			"rotation": {"angle": 0, "axis": "y", "origin": [12.48875, 5.985, 18.47375]},
			"faces": {
				"east": {"uv": [0, 13.5, 0.5, 14.5], "texture": "#2"},
				"south": {"uv": [0, 11.5, 2, 12.5], "texture": "#2"},
				"west": {"uv": [0.5, 13.5, 1, 14.5], "texture": "#2"},
				"up": {"uv": [14, 12, 12, 11.5], "texture": "#2"},
				"down": {"uv": [8, 12.5, 6, 13], "texture": "#2"}
			}
		},
		{
			"from": [3.5, 0, 5],
			"to": [12.5, 1.5, 6.5],
			"rotation": {"angle": 0, "axis": "y", "origin": [9.49625, 5.985, 11.74063]},
			"faces": {
				"north": {"uv": [2, 10, 8, 11], "texture": "#2"},
				"east": {"uv": [8, 12.5, 9, 13.5], "texture": "#2"},
				"west": {"uv": [9, 12.5, 10, 13.5], "texture": "#2"},
				"up": {"uv": [6, 8, 0, 7], "texture": "#2"},
				"down": {"uv": [12, 7, 6, 8], "texture": "#2"}
			}
		},
		{
			"from": [4.25, 0, 4.25],
			"to": [11.75, 1.5, 5],
			"rotation": {"angle": 0, "axis": "y", "origin": [8, 5.985, 8]},
			"faces": {
				"north": {"uv": [7, 4, 12, 5], "texture": "#2"},
				"east": {"uv": [1, 13.5, 1.5, 14.5], "texture": "#2"},
				"west": {"uv": [1.5, 13.5, 2, 14.5], "texture": "#2"},
				"up": {"uv": [15, 8.5, 10, 8], "texture": "#2"},
				"down": {"uv": [15, 8.5, 10, 9], "texture": "#2"}
			}
		},
		{
			"from": [6.5, 0, 2.75],
			"to": [9.5, 1.5, 3.5],
			"rotation": {"angle": 0, "axis": "y", "origin": [8, 5.985, 8]},
			"faces": {
				"north": {"uv": [2, 11.5, 4, 12.5], "texture": "#2"},
				"east": {"uv": [2, 13.5, 2.5, 14.5], "texture": "#2"},
				"west": {"uv": [2.5, 13.5, 3, 14.5], "texture": "#2"},
				"up": {"uv": [12, 13, 10, 12.5], "texture": "#2"},
				"down": {"uv": [14, 12.5, 12, 13], "texture": "#2"}
			}
		},
		{
			"from": [5, 0, 3.5],
			"to": [11, 1.5, 4.25],
			"rotation": {"angle": 0, "axis": "y", "origin": [10.9925, 5.985, 9.49625]},
			"faces": {
				"north": {"uv": [4, 9, 8, 10], "texture": "#2"},
				"east": {"uv": [3, 13.5, 3.5, 14.5], "texture": "#2"},
				"west": {"uv": [3.5, 13.5, 4, 14.5], "texture": "#2"},
				"up": {"uv": [10, 12, 6, 11.5], "texture": "#2"},
				"down": {"uv": [10, 12, 6, 12.5], "texture": "#2"}
			}
		},
		{
			"from": [3.5, 0, 9.5],
			"to": [12.5, 1.5, 11],
			"rotation": {"angle": 0, "axis": "y", "origin": [9.49625, 5.985, 15.48125]},
			"faces": {
				"east": {"uv": [6, 13, 7, 14], "texture": "#2"},
				"south": {"uv": [0, 6, 6, 7], "texture": "#2"},
				"west": {"uv": [7, 13, 8, 14], "texture": "#2"},
				"up": {"uv": [13, 3, 7, 2], "texture": "#2"},
				"down": {"uv": [13, 3, 7, 4], "texture": "#2"}
			}
		},
		{
			"from": [4.25, 0, 11],
			"to": [11.75, 1.5, 11.75],
			"rotation": {"angle": 0, "axis": "y", "origin": [10.24438, 5.985, 16.9775]},
			"faces": {
				"east": {"uv": [4, 13.5, 4.5, 14.5], "texture": "#2"},
				"south": {"uv": [5, 8, 10, 9], "texture": "#2"},
				"west": {"uv": [4.5, 13.5, 5, 14.5], "texture": "#2"},
				"up": {"uv": [5, 11.5, 0, 11], "texture": "#2"},
				"down": {"uv": [10, 11, 5, 11.5], "texture": "#2"}
			}
		},
		{
			"from": [5, 0, 11.75],
			"to": [11, 1.49625, 12.5],
			"rotation": {"angle": 0, "axis": "y", "origin": [10.9925, 5.985, 17.72563]},
			"faces": {
				"east": {"uv": [5, 13.5, 5.5, 14.5], "texture": "#2"},
				"south": {"uv": [8, 10, 12, 11], "texture": "#2"},
				"west": {"uv": [5.5, 13.5, 6, 14.5], "texture": "#2"},
				"up": {"uv": [14, 12.5, 10, 12], "texture": "#2"},
				"down": {"uv": [16, 4, 12, 4.5], "texture": "#2"}
			}
		},
		{
			"from": [2.75, 0, 6.5],
			"to": [13.25, 1.5, 9.5],
			"rotation": {"angle": 0, "axis": "y", "origin": [8.74813, 5.985, 12.48875]},
			"faces": {
				"north": {"uv": [0, 4, 7, 5], "texture": "#2"},
				"east": {"uv": [12, 4.5, 14, 5.5], "texture": "#2"},
				"south": {"uv": [0, 5, 7, 6], "texture": "#2"},
				"west": {"uv": [12, 5.5, 14, 6.5], "texture": "#2"},
				"up": {"uv": [7, 2, 0, 0], "texture": "#2"},
				"down": {"uv": [7, 2, 0, 4], "texture": "#2"}
			}
		}
	],
	"display": {
		"head": {
			"rotation": [0, 180, 0],
			"translation": [0, -15.7, 0],
			"scale": [2.16, 2.16, 2.16]
		}
	},
	"groups": [
		{
			"name": "button",
			"origin": [18, 11, 14],
			"children": [0, 1, 2, 3, 4, 5, 6, 7, 8, 9, 10, 11, 12]
		},
		{
			"name": "base",
			"origin": [12, 8, 21],
			"children": [13, 14, 15, 16, 17, 18, 19, 20, 21]
		}
	]
}