{
	"credit": "By Limonchik_",
	"textures": {
		"1": "item/bonuses/question",
		"particle": "item/bonuses/question"
	},
	"elements": [
		{
			"from": [7, 0.5, 7.5],
			"to": [9, 2.5, 9.5],
			"rotation": {"angle": 0, "axis": "y", "origin": [15, 8.5, 15.5]},
			"faces": {
				"north": {"uv": [7, 13, 9, 15], "texture": "#1"},
				"east": {"uv": [7, 13, 8, 15], "texture": "#1"},
				"south": {"uv": [9, 13, 7, 15], "texture": "#1"},
				"west": {"uv": [8, 13, 9, 15], "texture": "#1"},
				"up": {"uv": [9, 14, 7, 13], "texture": "#1"},
				"down": {"uv": [9, 14, 7, 15], "texture": "#1"}
			}
		},
		{
			"from": [7, 3.5, 7.5],
			"to": [9, 7.5, 9.5],
			"rotation": {"angle": 0, "axis": "y", "origin": [15, 11.5, 15.5]},
			"faces": {
				"north": {"uv": [7, 8, 9, 12], "texture": "#1"},
				"east": {"uv": [7, 8, 8, 12], "texture": "#1"},
				"south": {"uv": [9, 8, 7, 12], "texture": "#1"},
				"west": {"uv": [8, 8, 9, 12], "texture": "#1"},
				"up": {"uv": [9, 9, 7, 8], "texture": "#1"},
				"down": {"uv": [9, 11, 7, 12], "texture": "#1"}
			}
		},
		{
			"from": [6, 7.5, 7.5],
			"to": [8, 8.5, 9.5],
			"rotation": {"angle": 0, "axis": "y", "origin": [14, 12.5, 15.5]},
			"faces": {
				"north": {"uv": [8, 7, 10, 8], "texture": "#1"},
				"east": {"uv": [8, 7, 9, 8], "texture": "#1"},
				"south": {"uv": [8, 7, 10, 8], "texture": "#1"},
				"up": {"uv": [8, 7, 10, 8], "texture": "#1"}
			}
		},
		{
			"from": [5, 6.5, 7.5],
			"to": [7, 7.5, 9.5],
			"rotation": {"angle": 0, "axis": "y", "origin": [13, 11.5, 15.5]},
			"faces": {
				"north": {"uv": [9, 8, 11, 9], "texture": "#1"},
				"south": {"uv": [11, 8, 9, 9], "texture": "#1"},
				"west": {"uv": [10, 8, 11, 9], "texture": "#1"},
				"down": {"uv": [11, 8, 9, 9], "texture": "#1"}
			}
		},
		{
			"from": [6, 5.5, 7.5],
			"to": [7, 6.5, 9.5],
			"rotation": {"angle": 0, "axis": "y", "origin": [13, 10.5, 15.5]},
			"faces": {
				"north": {"uv": [9, 9, 10, 10], "texture": "#1"},
				"south": {"uv": [9, 9, 10, 10], "texture": "#1"},
				"west": {"uv": [9, 9, 10, 10], "texture": "#1"},
				"down": {"uv": [9, 9, 10, 10], "texture": "#1"}
			}
		},
		{
			"from": [4, 7.5, 7.5],
			"to": [6, 12.5, 9.5],
			"rotation": {"angle": 0, "axis": "y", "origin": [11, 12.5, 15.5]},
			"faces": {
				"north": {"uv": [10, 3, 12, 8], "texture": "#1"},
				"east": {"uv": [10, 3, 11, 8], "texture": "#1"},
				"south": {"uv": [12, 3, 10, 8], "texture": "#1"},
				"west": {"uv": [11, 3, 12, 8], "texture": "#1"},
				"up": {"uv": [12, 4, 10, 3], "texture": "#1"},
				"down": {"uv": [12, 7, 10, 8], "texture": "#1"}
			}
		},
		{
			"from": [5, 12.5, 7.5],
			"to": [6, 13.5, 9.5],
			"rotation": {"angle": 0, "axis": "y", "origin": [11, 13.5, 15.5]},
			"faces": {
				"north": {"uv": [10, 2, 11, 3], "texture": "#1"},
				"south": {"uv": [10, 2, 11, 3], "texture": "#1"},
				"west": {"uv": [10, 2, 11, 3], "texture": "#1"},
				"up": {"uv": [10, 2, 11, 3], "texture": "#1"}
			}
		},
		{
			"from": [6, 12.5, 7.5],
			"to": [10, 14.5, 9.5],
			"rotation": {"angle": 0, "axis": "y", "origin": [12, 13.5, 15.5]},
			"faces": {
				"north": {"uv": [6, 1, 10, 3], "texture": "#1"},
				"east": {"uv": [6, 1, 7, 3], "texture": "#1"},
				"south": {"uv": [10, 1, 6, 3], "texture": "#1"},
				"west": {"uv": [9, 1, 10, 3], "texture": "#1"},
				"up": {"uv": [10, 2, 6, 1], "texture": "#1"},
				"down": {"uv": [10, 2, 6, 3], "texture": "#1"}
			}
		},
		{
			"from": [6, 11.5, 7.5],
			"to": [7, 12.5, 9.5],
			"rotation": {"angle": 0, "axis": "y", "origin": [12, 12.5, 15.5]},
			"faces": {
				"north": {"uv": [9, 3, 10, 4], "texture": "#1"},
				"east": {"uv": [9, 3, 10, 4], "texture": "#1"},
				"south": {"uv": [9, 3, 10, 4], "texture": "#1"},
				"down": {"uv": [9, 3, 10, 4], "texture": "#1"}
			}
		},
		{
			"from": [9, 11.5, 7.5],
			"to": [10, 12.5, 9.5],
			"rotation": {"angle": 0, "axis": "y", "origin": [15, 12.5, 15.5]},
			"faces": {
				"north": {"uv": [6, 3, 7, 4], "texture": "#1"},
				"south": {"uv": [6, 3, 7, 4], "texture": "#1"},
				"west": {"uv": [6, 3, 7, 4], "texture": "#1"},
				"down": {"uv": [6, 3, 7, 4], "texture": "#1"}
			}
		},
		{
			"from": [10, 12.5, 7.5],
			"to": [11, 13.5, 9.5],
			"rotation": {"angle": 0, "axis": "y", "origin": [16, 13.5, 15.5]},
			"faces": {
				"north": {"uv": [5, 2, 6, 3], "texture": "#1"},
				"east": {"uv": [5, 2, 6, 3], "texture": "#1"},
				"south": {"uv": [5, 2, 6, 3], "texture": "#1"},
				"up": {"uv": [5, 2, 6, 3], "texture": "#1"}
			}
		},
		{
			"from": [10, 9.5, 7.5],
			"to": [12, 12.5, 9.5],
			"rotation": {"angle": 0, "axis": "y", "origin": [16, 12.5, 15.5]},
			"faces": {
				"north": {"uv": [4, 3, 6, 6], "texture": "#1"},
				"east": {"uv": [4, 3, 5, 6], "texture": "#1"},
				"south": {"uv": [6, 3, 4, 6], "texture": "#1"},
				"west": {"uv": [5, 3, 6, 6], "texture": "#1"},
				"up": {"uv": [6, 4, 4, 3], "texture": "#1"},
				"down": {"uv": [6, 5, 4, 6], "texture": "#1"}
			}
		}
	],
	"display": {
		"thirdperson_righthand": {
			"rotation": [0, -180, 0],
			"translation": [-0.75, 3, 1],
			"scale": [0.55, 0.55, 0.55]
		},
		"thirdperson_lefthand": {
			"rotation": [0, -180, 0],
			"translation": [-0.75, 3, 1],
			"scale": [0.55, 0.55, 0.55]
		},
		"firstperson_righthand": {
			"rotation": [0, -180, 0],
			"translation": [-0.75, 3, 1],
			"scale": [0.55, 0.55, 0.55]
		},
		"firstperson_lefthand": {
			"rotation": [0, -180, 0],
			"translation": [-0.75, 3, 1],
			"scale": [0.55, 0.55, 0.55]
		},
		"ground": {
			"translation": [0, 4.25, 0]
		},
		"gui": {
			"rotation": [0, -180, 0],
			"translation": [0, 0.75, 0]
		},
		"head": {
			"scale": [1.8, 1.8, 1.8]
		}
	}
}