{
	"credit": "By Limonchik_",
	"textures": {
		"0": "item/diving_helmet",
		"particle": "item/diving_helmet"
	},
	"elements": [
		{
			"from": [4.5, 1.5, -1.5],
			"to": [10.5, 5.5, 0.5],
			"faces": {
				"north": {"uv": [0.5, 11, 2, 12], "texture": "#0"},
				"east": {"uv": [0, 11, 0.5, 12], "texture": "#0"},
				"south": {"uv": [2.5, 11, 4, 12], "texture": "#0"},
				"west": {"uv": [2, 11, 2.5, 12], "texture": "#0"},
				"up": {"uv": [2, 11, 0.5, 10.5], "texture": "#0"},
				"down": {"uv": [3.5, 10.5, 2, 11], "texture": "#0"}
			}
		},
		{
			"from": [10.5, 2, -1],
			"to": [15, 3.5, 0],
			"faces": {
				"north": {"uv": [5.25, 8.25, 6.25, 8.5], "texture": "#0"},
				"east": {"uv": [5, 8.25, 5.25, 8.5], "texture": "#0"},
				"south": {"uv": [6.5, 8.25, 7.5, 8.5], "texture": "#0"},
				"west": {"uv": [6.25, 8.25, 6.5, 8.5], "texture": "#0"},
				"up": {"uv": [6.25, 8.25, 5.25, 8], "texture": "#0"},
				"down": {"uv": [7.25, 8, 6.25, 8.25], "texture": "#0"}
			}
		},
		{
			"from": [0, 2, -1],
			"to": [4.5, 3.5, 0],
			"faces": {
				"north": {"uv": [0.25, 3.25, 1.25, 3.5], "texture": "#0"},
				"east": {"uv": [0, 3.25, 0.25, 3.5], "texture": "#0"},
				"south": {"uv": [1.5, 3.25, 2.5, 3.5], "texture": "#0"},
				"west": {"uv": [1.25, 3.25, 1.5, 3.5], "texture": "#0"},
				"up": {"uv": [1.25, 3.25, 0.25, 3], "texture": "#0"},
				"down": {"uv": [2.25, 3, 1.25, 3.25], "texture": "#0"}
			}
		},
		{
			"from": [-1, 2, -1],
			"to": [0, 3.5, 7.448],
			"faces": {
				"north": {"uv": [4.5, 10.25, 4.75, 10.5], "texture": "#0"},
				"east": {"uv": [2.5, 10.25, 4.5, 10.5], "texture": "#0"},
				"south": {"uv": [6.75, 10.25, 7, 10.5], "texture": "#0"},
				"west": {"uv": [4.75, 10.25, 6.75, 10.5], "texture": "#0"},
				"up": {"uv": [4.75, 10.25, 4.5, 8.25], "texture": "#0"},
				"down": {"uv": [5, 8.25, 4.75, 10.25], "texture": "#0"}
			}
		},
		{
			"from": [15, 2, -1],
			"to": [16, 3.5, 7.448],
			"rotation": {"angle": 0, "axis": "y", "origin": [24, 8, 8]},
			"faces": {
				"north": {"uv": [2, 10, 2.25, 10.25], "texture": "#0"},
				"east": {"uv": [0, 10, 2, 10.25], "texture": "#0"},
				"south": {"uv": [4.25, 10, 4.5, 10.25], "texture": "#0"},
				"west": {"uv": [2.25, 10, 4.25, 10.25], "texture": "#0"},
				"up": {"uv": [2.25, 10, 2, 8], "texture": "#0"},
				"down": {"uv": [2.5, 8, 2.25, 10], "texture": "#0"}
			}
		},
		{
			"from": [15, 13, 11],
			"to": [16, 14.5, 16],
			"faces": {
				"north": {"uv": [1.25, 2.75, 1.5, 3], "texture": "#0"},
				"east": {"uv": [0, 2.75, 1.25, 3], "texture": "#0"},
				"south": {"uv": [2.75, 2.75, 3, 3], "texture": "#0"},
				"west": {"uv": [1.5, 2.75, 2.75, 3], "texture": "#0"},
				"up": {"uv": [1.5, 2.75, 1.25, 1.5], "texture": "#0"},
				"down": {"uv": [1.75, 1.5, 1.5, 2.75], "texture": "#0"}
			}
		},
		{
			"from": [-0.976, 13, 11],
			"to": [0, 14.5, 16],
			"faces": {
				"north": {"uv": [1.25, 1.25, 1.5, 1.5], "texture": "#0"},
				"east": {"uv": [0, 1.25, 1.25, 1.5], "texture": "#0"},
				"south": {"uv": [2.75, 1.25, 3, 1.5], "texture": "#0"},
				"west": {"uv": [1.5, 1.25, 2.75, 1.5], "texture": "#0"},
				"up": {"uv": [1.5, 1.25, 1.25, 0], "texture": "#0"},
				"down": {"uv": [1.75, 0, 1.5, 1.25], "texture": "#0"}
			}
		},
		{
			"from": [-0.98373, -0.28484, 7.43782],
			"to": [0.01627, 12.61116, 8.93782],
			"rotation": {"angle": 22.5, "axis": "x", "origin": [8.01627, 4.61116, 13.93782]},
			"faces": {
				"north": {"uv": [5.25, 10.75, 5.5, 13.75], "texture": "#0"},
				"east": {"uv": [5, 10.75, 5.25, 13.75], "texture": "#0"},
				"south": {"uv": [5.75, 10.75, 6, 13.75], "texture": "#0"},
				"west": {"uv": [5.5, 10.75, 5.75, 13.75], "texture": "#0"},
				"up": {"uv": [5.5, 10.75, 5.25, 10.5], "texture": "#0"},
				"down": {"uv": [5.75, 10.5, 5.5, 10.75], "texture": "#0"}
			}
		},
		{
			"from": [15.01627, -0.28484, 7.43782],
			"to": [16.01627, 12.61116, 8.93782],
			"rotation": {"angle": 22.5, "axis": "x", "origin": [24.01627, 4.61116, 13.93782]},
			"faces": {
				"north": {"uv": [4.25, 10.75, 4.5, 13.75], "texture": "#0"},
				"east": {"uv": [4, 10.75, 4.25, 13.75], "texture": "#0"},
				"south": {"uv": [4.75, 10.75, 5, 13.75], "texture": "#0"},
				"west": {"uv": [4.5, 10.75, 4.75, 13.75], "texture": "#0"},
				"up": {"uv": [4.5, 10.75, 4.25, 10.5], "texture": "#0"},
				"down": {"uv": [4.75, 10.5, 4.5, 10.75], "texture": "#0"}
			}
		},
		{
			"from": [5, 1, 15],
			"to": [10, 11.5, 19],
			"faces": {
				"north": {"uv": [8, 8.5, 9.25, 11], "texture": "#0"},
				"east": {"uv": [7, 8.5, 8, 11], "texture": "#0"},
				"south": {"uv": [10.25, 8.5, 11.5, 11], "texture": "#0"},
				"west": {"uv": [9.25, 8.5, 10.25, 11], "texture": "#0"},
				"up": {"uv": [9.25, 8.5, 8, 7.5], "texture": "#0"},
				"down": {"uv": [10.5, 7.5, 9.25, 8.5], "texture": "#0"}
			}
		},
		{
			"from": [6.5, 11.5, 15],
			"to": [8.5, 13, 16],
			"faces": {
				"north": {"uv": [2, 2, 2.5, 2.25], "texture": "#0"},
				"east": {"uv": [1.75, 2, 2, 2.25], "texture": "#0"},
				"south": {"uv": [2.75, 2, 3.25, 2.25], "texture": "#0"},
				"west": {"uv": [2.5, 2, 2.75, 2.25], "texture": "#0"},
				"up": {"uv": [2.5, 2, 2, 1.75], "texture": "#0"},
				"down": {"uv": [3, 1.75, 2.5, 2], "texture": "#0"}
			}
		},
		{
			"from": [0, 13, 15],
			"to": [15, 14.5, 16],
			"faces": {
				"north": {"uv": [0.25, 7.75, 4, 8], "texture": "#0"},
				"east": {"uv": [0, 7.75, 0.25, 8], "texture": "#0"},
				"south": {"uv": [4.25, 7.75, 8, 8], "texture": "#0"},
				"west": {"uv": [4, 7.75, 4.25, 8], "texture": "#0"},
				"up": {"uv": [4, 7.75, 0.25, 7.5], "texture": "#0"},
				"down": {"uv": [7.75, 7.5, 4, 7.75], "texture": "#0"}
			}
		},
		{
			"from": [15, 0, 0],
			"to": [15, 15, 15],
			"faces": {
				"east": {"uv": [0, 3.75, 3.75, 7.5], "texture": "#0"},
				"west": {"uv": [3.75, 3.75, 0, 7.5], "texture": "#0"}
			}
		},
		{
			"from": [0, 0, 0],
			"to": [0, 15, 15],
			"faces": {
				"east": {"uv": [11.25, 3.75, 7.5, 7.5], "texture": "#0"},
				"west": {"uv": [7.5, 3.75, 11.25, 7.5], "texture": "#0"}
			}
		},
		{
			"from": [0, 0, 0],
			"to": [15, 0, 15],
			"faces": {
				"up": {"uv": [7.5, 0, 11.25, 3.75], "rotation": 180, "texture": "#0"},
				"down": {"uv": [11.25, 0, 7.5, 3.75], "rotation": 180, "texture": "#0"}
			}
		},
		{
			"from": [0, 15, 0],
			"to": [15, 15, 15],
			"faces": {
				"up": {"uv": [3.75, 0, 7.5, 3.75], "rotation": 180, "texture": "#0"},
				"down": {"uv": [3.75, 0, 7.5, 3.75], "texture": "#0"}
			}
		},
		{
			"from": [0, 0, 0],
			"to": [15, 15, 0],
			"faces": {
				"north": {"uv": [3.75, 3.75, 7.5, 7.5], "texture": "#0"},
				"south": {"uv": [3.75, 3.75, 7.5, 7.5], "texture": "#0"}
			}
		},
		{
			"from": [0, 0, 15],
			"to": [15, 15, 15],
			"faces": {
				"north": {"uv": [11.25, 3.75, 15, 7.5], "texture": "#0"},
				"south": {"uv": [11.25, 3.75, 15, 7.5], "texture": "#0"}
			}
		}
	],
	"display": {
		"thirdperson_righthand": {
			"translation": [0, 3.25, -0.75],
			"scale": [0.4, 0.4, 0.4]
		},
		"thirdperson_lefthand": {
			"translation": [0, 3.25, -0.75],
			"scale": [0.4, 0.4, 0.4]
		},
		"firstperson_righthand": {
			"translation": [0, 3.25, -0.75],
			"scale": [0.4, 0.4, 0.4]
		},
		"firstperson_lefthand": {
			"translation": [0, 3.25, -0.75],
			"scale": [0.4, 0.4, 0.4]
		},
		"ground": {
			"translation": [0, -0.5, -0.75],
			"scale": [0.4, 0.4, 0.4]
		},
		"gui": {
			"rotation": [0, 180, 0],
			"translation": [-0.25, 0.25, 0],
			"scale": [0.8, 0.8, 0.8]
		},
		"head": {
			"translation": [0.5, 0.25, 0.25]
		}
	},
	"groups": [
		{
			"name": "group",
			"origin": [8, 8, 8],
			"children": [0, 1, 2, 3, 4, 5, 6, 7, 8, 9, 10, 11]
		}, 12, 13, 14, 15, 16, 17]
}