{"multipart":[{"when":{"down":true,"east":true,"north":true,"south":true,"up":true,"west":true},"apply":{"model":"block/original/chorus_plant_true"}},{"when":{"west":false,"up":false,"south":false,"north":false,"east":false,"down":false},"apply":{"model":"minecraft:block/original/chorus_plant_true"}},{"when":{"west":true,"up":false,"south":false,"north":false,"east":false,"down":false},"apply":{"model":"minecraft:block/original/chorus_plant_true"}},{"when":{"west":false,"up":true,"south":false,"north":false,"east":false,"down":false},"apply":{"model":"minecraft:block/original/chorus_plant_true"}},{"when":{"west":true,"up":true,"south":false,"north":false,"east":false,"down":false},"apply":{"model":"minecraft:block/original/chorus_plant_true"}},{"when":{"west":false,"up":false,"south":true,"north":false,"east":false,"down":false},"apply":{"model":"minecraft:block/original/chorus_plant_true"}},{"when":{"west":true,"up":false,"south":true,"north":false,"east":false,"down":false},"apply":{"model":"minecraft:block/original/chorus_plant_true"}},{"when":{"west":false,"up":true,"south":true,"north":false,"east":false,"down":false},"apply":{"model":"minecraft:block/original/chorus_plant_true"}},{"when":{"west":true,"up":true,"south":true,"north":false,"east":false,"down":false},"apply":{"model":"minecraft:block/original/chorus_plant_true"}},{"when":{"west":false,"up":false,"south":false,"north":true,"east":false,"down":false},"apply":{"model":"minecraft:block/original/chorus_plant_true"}},{"when":{"west":true,"up":false,"south":false,"north":true,"east":false,"down":false},"apply":{"model":"minecraft:block/original/chorus_plant_true"}},{"when":{"west":false,"up":true,"south":false,"north":true,"east":false,"down":false},"apply":{"model":"minecraft:block/original/chorus_plant_true"}},{"when":{"west":true,"up":true,"south":false,"north":true,"east":false,"down":false},"apply":{"model":"minecraft:block/original/chorus_plant_true"}},{"when":{"west":false,"up":false,"south":true,"north":true,"east":false,"down":false},"apply":{"model":"minecraft:block/original/chorus_plant_true"}},{"when":{"west":true,"up":false,"south":true,"north":true,"east":false,"down":false},"apply":{"model":"minecraft:block/original/chorus_plant_true"}},{"when":{"west":false,"up":true,"south":true,"north":true,"east":false,"down":false},"apply":{"model":"minecraft:block/original/chorus_plant_true"}},{"when":{"west":true,"up":true,"south":true,"north":true,"east":false,"down":false},"apply":{"model":"minecraft:block/original/chorus_plant_true"}},{"when":{"west":false,"up":false,"south":false,"north":false,"east":true,"down":false},"apply":{"model":"minecraft:block/original/chorus_plant_true"}},{"when":{"west":true,"up":false,"south":false,"north":false,"east":true,"down":false},"apply":{"model":"minecraft:block/original/chorus_plant_true"}},{"when":{"west":false,"up":true,"south":false,"north":false,"east":true,"down":false},"apply":{"model":"minecraft:block/original/chorus_plant_true"}},{"when":{"west":true,"up":true,"south":false,"north":false,"east":true,"down":false},"apply":{"model":"minecraft:block/original/chorus_plant_true"}},{"when":{"west":false,"up":false,"south":true,"north":false,"east":true,"down":false},"apply":{"model":"minecraft:block/original/chorus_plant_true"}},{"when":{"west":true,"up":false,"south":true,"north":false,"east":true,"down":false},"apply":{"model":"minecraft:block/original/chorus_plant_true"}},{"when":{"west":false,"up":true,"south":true,"north":false,"east":true,"down":false},"apply":{"model":"minecraft:block/original/chorus_plant_true"}},{"when":{"west":true,"up":true,"south":true,"north":false,"east":true,"down":false},"apply":{"model":"minecraft:block/original/chorus_plant_true"}},{"when":{"west":false,"up":false,"south":false,"north":true,"east":true,"down":false},"apply":{"model":"minecraft:block/original/chorus_plant_true"}},{"when":{"west":true,"up":false,"south":false,"north":true,"east":true,"down":false},"apply":{"model":"minecraft:block/original/chorus_plant_true"}},{"when":{"west":false,"up":true,"south":false,"north":true,"east":true,"down":false},"apply":{"model":"minecraft:block/original/chorus_plant_true"}},{"when":{"west":true,"up":true,"south":false,"north":true,"east":true,"down":false},"apply":{"model":"minecraft:block/original/chorus_plant_true"}},{"when":{"west":false,"up":false,"south":true,"north":true,"east":true,"down":false},"apply":{"model":"minecraft:block/original/chorus_plant_true"}},{"when":{"west":true,"up":false,"south":true,"north":true,"east":true,"down":false},"apply":{"model":"minecraft:block/original/chorus_plant_true"}},{"when":{"west":false,"up":true,"south":true,"north":true,"east":true,"down":false},"apply":{"model":"minecraft:block/original/chorus_plant_true"}},{"when":{"west":true,"up":true,"south":true,"north":true,"east":true,"down":false},"apply":{"model":"minecraft:block/original/chorus_plant_true"}},{"when":{"west":false,"up":false,"south":false,"north":false,"east":false,"down":true},"apply":{"model":"minecraft:block/original/chorus_plant_true"}},{"when":{"west":true,"up":false,"south":false,"north":false,"east":false,"down":true},"apply":{"model":"minecraft:block/original/chorus_plant_true"}},{"when":{"west":false,"up":true,"south":false,"north":false,"east":false,"down":true},"apply":{"model":"minecraft:block/original/chorus_plant_true"}},{"when":{"west":true,"up":true,"south":false,"north":false,"east":false,"down":true},"apply":{"model":"minecraft:block/original/chorus_plant_true"}},{"when":{"west":false,"up":false,"south":true,"north":false,"east":false,"down":true},"apply":{"model":"minecraft:block/original/chorus_plant_true"}},{"when":{"west":true,"up":false,"south":true,"north":false,"east":false,"down":true},"apply":{"model":"minecraft:block/original/chorus_plant_true"}},{"when":{"west":false,"up":true,"south":true,"north":false,"east":false,"down":true},"apply":{"model":"minecraft:block/original/chorus_plant_true"}},{"when":{"west":true,"up":true,"south":true,"north":false,"east":false,"down":true},"apply":{"model":"minecraft:block/original/chorus_plant_true"}},{"when":{"west":false,"up":false,"south":false,"north":true,"east":false,"down":true},"apply":{"model":"minecraft:block/original/chorus_plant_true"}},{"when":{"west":true,"up":false,"south":false,"north":true,"east":false,"down":true},"apply":{"model":"minecraft:block/original/chorus_plant_true"}},{"when":{"west":false,"up":true,"south":false,"north":true,"east":false,"down":true},"apply":{"model":"minecraft:block/original/chorus_plant_true"}},{"when":{"west":true,"up":true,"south":false,"north":true,"east":false,"down":true},"apply":{"model":"minecraft:block/original/chorus_plant_true"}},{"when":{"west":false,"up":false,"south":true,"north":true,"east":false,"down":true},"apply":{"model":"minecraft:block/original/chorus_plant_true"}},{"when":{"west":true,"up":false,"south":true,"north":true,"east":false,"down":true},"apply":{"model":"minecraft:block/original/chorus_plant_true"}},{"when":{"west":false,"up":true,"south":true,"north":true,"east":false,"down":true},"apply":{"model":"minecraft:block/original/chorus_plant_true"}},{"when":{"west":true,"up":true,"south":true,"north":true,"east":false,"down":true},"apply":{"model":"minecraft:block/original/chorus_plant_true"}},{"when":{"west":false,"up":false,"south":false,"north":false,"east":true,"down":true},"apply":{"model":"minecraft:block/original/chorus_plant_true"}},{"when":{"west":true,"up":false,"south":false,"north":false,"east":true,"down":true},"apply":{"model":"minecraft:block/original/chorus_plant_true"}},{"when":{"west":false,"up":true,"south":false,"north":false,"east":true,"down":true},"apply":{"model":"minecraft:block/original/chorus_plant_true"}},{"when":{"west":true,"up":true,"south":false,"north":false,"east":true,"down":true},"apply":{"model":"minecraft:block/original/chorus_plant_true"}},{"when":{"west":false,"up":false,"south":true,"north":false,"east":true,"down":true},"apply":{"model":"minecraft:block/original/chorus_plant_true"}},{"when":{"west":true,"up":false,"south":true,"north":false,"east":true,"down":true},"apply":{"model":"minecraft:block/original/chorus_plant_true"}},{"when":{"west":false,"up":true,"south":true,"north":false,"east":true,"down":true},"apply":{"model":"minecraft:block/original/chorus_plant_true"}},{"when":{"west":true,"up":true,"south":true,"north":false,"east":true,"down":true},"apply":{"model":"minecraft:block/original/chorus_plant_true"}},{"when":{"west":false,"up":false,"south":false,"north":true,"east":true,"down":true},"apply":{"model":"minecraft:block/original/chorus_plant_true"}},{"when":{"west":true,"up":false,"south":false,"north":true,"east":true,"down":true},"apply":{"model":"minecraft:block/original/chorus_plant_true"}},{"when":{"west":false,"up":true,"south":false,"north":true,"east":true,"down":true},"apply":{"model":"minecraft:block/original/chorus_plant_true"}},{"when":{"west":true,"up":true,"south":false,"north":true,"east":true,"down":true},"apply":{"model":"minecraft:block/original/chorus_plant_true"}},{"when":{"west":false,"up":false,"south":true,"north":true,"east":true,"down":true},"apply":{"model":"minecraft:block/original/chorus_plant_true"}},{"when":{"west":true,"up":false,"south":true,"north":true,"east":true,"down":true},"apply":{"model":"minecraft:block/original/chorus_plant_true"}},{"when":{"west":false,"up":true,"south":true,"north":true,"east":true,"down":true},"apply":{"model":"minecraft:block/original/chorus_plant_true"}}]}