{
	"credit": "By Limonchik_",
	"textures": {
		"2": "item/lazer_gun_charging",
		"particle": "item/battery",
		"1_0": "item/battery",
		"4_1": "item/lazer_gun"
	},
	"elements": [
		{
			"from": [11, 7, 8.625],
			"to": [11.75, 9, 9.875],
			"rotation": {"angle": 0, "axis": "z", "origin": [11.5, 9, 9.125]},
			"faces": {
				"north": {"uv": [9.5, 0, 11, 4], "texture": "#1_0"},
				"east": {"uv": [0, 2.5, 2.5, 6.5], "texture": "#1_0"},
				"south": {"uv": [9.5, 0, 11, 4], "texture": "#1_0"},
				"west": {"uv": [4, 2.5, 6.5, 6.5], "texture": "#1_0"},
				"up": {"uv": [4, 2.5, 2.5, 0], "texture": "#1_0"},
				"down": {"uv": [5.5, 0, 4, 2.5], "texture": "#1_0"}
			}
		},
		{
			"from": [11.125, 8.875, 9],
			"to": [11.625, 9.125, 9.5],
			"rotation": {"angle": 0, "axis": "z", "origin": [11.5, 9, 9.125]},
			"faces": {
				"north": {"uv": [6.5, 1, 7.5, 1.5], "texture": "#1_0"},
				"east": {"uv": [5.5, 1, 6.5, 1.5], "texture": "#1_0"},
				"south": {"uv": [8.5, 1, 9.5, 1.5], "texture": "#1_0"},
				"west": {"uv": [7.5, 1, 8.5, 1.5], "texture": "#1_0"},
				"up": {"uv": [7.5, 1, 6.5, 0], "texture": "#1_0"},
				"down": {"uv": [8.5, 0, 7.5, 1], "texture": "#1_0"}
			}
		},
		{
			"from": [11, 9.125, 8.875],
			"to": [11.75, 9.25, 9.625],
			"rotation": {"angle": 0, "axis": "z", "origin": [11.5, 9.25, 9.125]},
			"faces": {
				"north": {"uv": [2.5, 1.5, 4, 2], "texture": "#1_0"},
				"east": {"uv": [2.5, 1.5, 4, 2], "texture": "#1_0"},
				"south": {"uv": [2.5, 1.5, 4, 2], "texture": "#1_0"},
				"west": {"uv": [2.5, 1.5, 4, 2], "texture": "#1_0"},
				"up": {"uv": [4, 2, 2.5, 0.5], "texture": "#1_0"},
				"down": {"uv": [4, 2, 2.5, 0.5], "texture": "#1_0"}
			}
		},
		{
			"from": [11, 6.875, 8.875],
			"to": [11.75, 7, 9.625],
			"rotation": {"angle": 0, "axis": "z", "origin": [11.5, 7, 9.125]},
			"faces": {
				"north": {"uv": [2.5, 1.5, 4, 2], "texture": "#1_0"},
				"east": {"uv": [2.5, 1.5, 4, 2], "texture": "#1_0"},
				"south": {"uv": [2.5, 1.5, 4, 2], "texture": "#1_0"},
				"west": {"uv": [2.5, 1.5, 4, 2], "texture": "#1_0"},
				"up": {"uv": [4, 2, 2.5, 0.5], "texture": "#1_0"},
				"down": {"uv": [4, 2, 2.5, 0.5], "texture": "#1_0"}
			}
		},
		{
			"from": [10.75, 7, 8.875],
			"to": [11, 9, 9.625],
			"rotation": {"angle": 0, "axis": "z", "origin": [11.5, 9, 9.125]},
			"faces": {
				"north": {"uv": [5.5, 8, 6, 12], "texture": "#1_0"},
				"east": {"uv": [4, 8, 5.5, 12], "texture": "#1_0"},
				"south": {"uv": [7.5, 8, 8, 12], "texture": "#1_0"},
				"west": {"uv": [9.5, 0, 11, 4], "texture": "#1_0"},
				"up": {"uv": [6, 8, 5.5, 6.5], "texture": "#1_0"},
				"down": {"uv": [6.5, 6.5, 6, 8], "texture": "#1_0"}
			}
		},
		{
			"from": [11.75, 7, 8.875],
			"to": [12, 9, 9.625],
			"rotation": {"angle": 0, "axis": "z", "origin": [11.5, 9, 9.125]},
			"faces": {
				"north": {"uv": [1.5, 8, 2, 12], "texture": "#1_0"},
				"east": {"uv": [9.5, 0, 11, 4], "texture": "#1_0"},
				"south": {"uv": [3.5, 8, 4, 12], "texture": "#1_0"},
				"west": {"uv": [2, 8, 3.5, 12], "texture": "#1_0"},
				"up": {"uv": [2, 8, 1.5, 6.5], "texture": "#1_0"},
				"down": {"uv": [2.5, 6.5, 2, 8], "texture": "#1_0"}
			}
		},
		{
			"from": [-1, 7, 7.5],
			"to": [9, 8, 9.5],
			"rotation": {"angle": 0, "axis": "y", "origin": [8, 8, 14]},
			"faces": {
				"north": {"uv": [1, 2.5, 6, 3], "texture": "#4_1"},
				"east": {"uv": [0, 2.5, 1, 3], "texture": "#4_1"},
				"south": {"uv": [7, 2.5, 12, 3], "texture": "#4_1"},
				"west": {"uv": [6, 2.5, 7, 3], "texture": "#4_1"},
				"up": {"uv": [6, 2.5, 1, 1.5], "texture": "#4_1"},
				"down": {"uv": [11, 1.5, 6, 2.5], "texture": "#4_1"}
			}
		},
		{
			"from": [7.5, 6.5, 8.004],
			"to": [11.5, 7.5, 8.996],
			"rotation": {"angle": -45, "axis": "z", "origin": [8, 8, 14]},
			"faces": {
				"north": {"uv": [4.5, 6, 6.5, 6.5], "texture": "#4_1"},
				"east": {"uv": [4, 6, 4.5, 6.5], "texture": "#4_1"},
				"south": {"uv": [7, 6, 9, 6.5], "texture": "#4_1"},
				"west": {"uv": [6.5, 6, 7, 6.5], "texture": "#4_1"},
				"up": {"uv": [6.5, 6, 4.5, 5.5], "texture": "#4_1"},
				"down": {"uv": [8.5, 5.5, 6.5, 6], "texture": "#4_1"}
			}
		},
		{
			"from": [9.41421, 4.46447, 8],
			"to": [12.41421, 5.46447, 9],
			"rotation": {"angle": 0, "axis": "z", "origin": [9.91421, 10.96447, 14]},
			"faces": {
				"north": {"uv": [7, 7, 8.5, 7.5], "texture": "#4_1"},
				"east": {"uv": [6.5, 7, 7, 7.5], "texture": "#4_1"},
				"south": {"uv": [9, 7, 10.5, 7.5], "texture": "#4_1"},
				"west": {"uv": [8.5, 7, 9, 7.5], "texture": "#4_1"},
				"up": {"uv": [8.5, 7, 7, 6.5], "texture": "#4_1"},
				"down": {"uv": [10, 6.5, 8.5, 7], "texture": "#4_1"}
			}
		},
		{
			"from": [11.41421, 5.46447, 8],
			"to": [12.41421, 6.46447, 9],
			"rotation": {"angle": 0, "axis": "z", "origin": [17.91421, 4.96447, 14]},
			"faces": {
				"north": {"uv": [4.5, 9.5, 5, 10], "texture": "#4_1"},
				"east": {"uv": [4, 9.5, 4.5, 10], "texture": "#4_1"},
				"south": {"uv": [5.5, 9.5, 6, 10], "texture": "#4_1"},
				"west": {"uv": [5, 9.5, 5.5, 10], "texture": "#4_1"},
				"up": {"uv": [5, 9.5, 4.5, 9], "texture": "#4_1"},
				"down": {"uv": [5.5, 9, 5, 9.5], "texture": "#4_1"}
			}
		},
		{
			"from": [9.41421, 6.46447, 8],
			"to": [12.41421, 9.46447, 9],
			"rotation": {"angle": 0, "axis": "z", "origin": [17.91421, 4.96447, 14]},
			"faces": {
				"north": {"uv": [0.5, 5.5, 2, 7], "texture": "#4_1"},
				"east": {"uv": [0, 5.5, 0.5, 7], "texture": "#4_1"},
				"south": {"uv": [2.5, 5.5, 4, 7], "texture": "#4_1"},
				"west": {"uv": [2, 5.5, 2.5, 7], "texture": "#4_1"},
				"up": {"uv": [2, 5.5, 0.5, 5], "texture": "#4_1"},
				"down": {"uv": [3.5, 5, 2, 5.5], "texture": "#4_1"}
			}
		},
		{
			"from": [12.41421, 8.46447, 8],
			"to": [16.41421, 9.46447, 9],
			"rotation": {"angle": 0, "axis": "z", "origin": [17.91421, 4.96447, 14]},
			"faces": {
				"north": {"uv": [5, 5, 7, 5.5], "texture": "#4_1"},
				"east": {"uv": [4.5, 5, 5, 5.5], "texture": "#4_1"},
				"south": {"uv": [7.5, 5, 9.5, 5.5], "texture": "#4_1"},
				"west": {"uv": [7, 5, 7.5, 5.5], "texture": "#4_1"},
				"up": {"uv": [7, 5, 5, 4.5], "texture": "#4_1"},
				"down": {"uv": [9, 4.5, 7, 5], "texture": "#4_1"}
			}
		},
		{
			"from": [11.41421, 4.96447, 8.004],
			"to": [15.41421, 5.96447, 8.992],
			"rotation": {"angle": -22.5, "axis": "z", "origin": [17.91421, 4.96447, 14]},
			"faces": {
				"north": {"uv": [0.5, 4.5, 2.5, 5], "texture": "#4_1"},
				"east": {"uv": [0, 4.5, 0.5, 5], "texture": "#4_1"},
				"south": {"uv": [3, 4.5, 5, 5], "texture": "#4_1"},
				"west": {"uv": [2.5, 4.5, 3, 5], "texture": "#4_1"},
				"up": {"uv": [2.5, 4.5, 0.5, 4], "texture": "#4_1"},
				"down": {"uv": [4.5, 4, 2.5, 4.5], "texture": "#4_1"}
			}
		},
		{
			"from": [13.92677, 6.20925, 7.75],
			"to": [14.92677, 10.20925, 9.25],
			"rotation": {"angle": -22.5, "axis": "z", "origin": [13.92677, 3.45925, 14]},
			"faces": {
				"north": {"uv": [0.5, 7.5, 1, 9.5], "texture": "#4_1"},
				"east": {"uv": [0, 7.5, 0.5, 9.5], "texture": "#4_1"},
				"south": {"uv": [1.5, 7.5, 2, 9.5], "texture": "#4_1"},
				"west": {"uv": [1, 7.5, 1.5, 9.5], "texture": "#4_1"},
				"up": {"uv": [1, 7.5, 0.5, 7], "texture": "#4_1"},
				"down": {"uv": [1.5, 7, 1, 7.5], "texture": "#4_1"}
			}
		},
		{
			"from": [-2, 7.41421, 7.512],
			"to": [-1.25, 8.16421, 9.496],
			"rotation": {"angle": 45, "axis": "z", "origin": [-1, 8.41421, 14]},
			"faces": {
				"north": {"uv": [10, 10, 10.5, 10.5], "texture": "#4_1"},
				"east": {"uv": [9, 10, 10, 10.5], "texture": "#4_1"},
				"south": {"uv": [11.5, 10, 12, 10.5], "texture": "#4_1"},
				"west": {"uv": [10.5, 10, 11.5, 10.5], "texture": "#4_1"},
				"up": {"uv": [10.5, 10, 10, 9], "texture": "#4_1"},
				"down": {"uv": [11, 9, 10.5, 10], "texture": "#4_1"}
			}
		},
		{
			"from": [-2.67678, 9.07322, 7.512],
			"to": [-1.92678, 9.82322, 9.496],
			"rotation": {"angle": 45, "axis": "z", "origin": [-2.17678, 9.82322, 14]},
			"faces": {
				"north": {"uv": [9.5, 5.5, 10, 6], "texture": "#4_1"},
				"east": {"uv": [8.5, 5.5, 9.5, 6], "texture": "#4_1"},
				"south": {"uv": [11, 5.5, 11.5, 6], "texture": "#4_1"},
				"west": {"uv": [10, 5.5, 11, 6], "texture": "#4_1"},
				"up": {"uv": [10, 5.5, 9.5, 4.5], "texture": "#4_1"},
				"down": {"uv": [10.5, 4.5, 10, 5.5], "texture": "#4_1"}
			}
		},
		{
			"from": [-1, 8, 8],
			"to": [10, 9, 9],
			"rotation": {"angle": 0, "axis": "y", "origin": [8, 8, 14]},
			"faces": {
				"north": {"uv": [0, 3, 5.5, 3.5], "texture": "#2"},
				"east": {"uv": [0, 3.5, 0.5, 4], "texture": "#4_1"},
				"south": {"uv": [6, 3, 11.5, 3.5], "texture": "#2"},
				"west": {"uv": [5.5, 3, 6, 3.5], "texture": "#2"},
				"up": {"uv": [6, 3.5, 0.5, 3], "texture": "#4_1"},
				"down": {"uv": [11.5, 3, 6, 3.5], "texture": "#4_1"}
			}
		},
		{
			"from": [-2, 9, 7.5],
			"to": [10, 10, 9.5],
			"rotation": {"angle": 0, "axis": "z", "origin": [8, 8, 14]},
			"faces": {
				"north": {"uv": [1, 1, 7, 1.5], "texture": "#4_1"},
				"east": {"uv": [0, 1, 1, 1.5], "texture": "#4_1"},
				"south": {"uv": [8, 1, 14, 1.5], "texture": "#4_1"},
				"west": {"uv": [7, 1, 8, 1.5], "texture": "#4_1"},
				"up": {"uv": [7, 1, 1, 0], "texture": "#4_1"},
				"down": {"uv": [13, 0, 7, 1], "texture": "#4_1"}
			}
		},
		{
			"from": [5.40361, 5.91972, 7.75],
			"to": [7.40361, 9.91972, 9.25],
			"rotation": {"angle": -22.5, "axis": "z", "origin": [8.40361, 0.91972, 14]},
			"faces": {
				"north": {"uv": [4, 7, 5, 9], "texture": "#4_1"},
				"east": {"uv": [3.5, 7, 4, 9], "texture": "#4_1"},
				"south": {"uv": [5.5, 7, 6.5, 9], "texture": "#4_1"},
				"west": {"uv": [5, 7, 5.5, 9], "texture": "#4_1"},
				"up": {"uv": [5, 7, 4, 6.5], "texture": "#4_1"},
				"down": {"uv": [6, 6.5, 5, 7], "texture": "#4_1"}
			}
		},
		{
			"from": [3.40361, 5.91972, 7.75],
			"to": [4.40361, 8.41972, 9.25],
			"rotation": {"angle": -22.5, "axis": "z", "origin": [8.40361, 0.91972, 14]},
			"faces": {
				"north": {"uv": [8.5, 9, 9, 10], "texture": "#4_1"},
				"east": {"uv": [8, 9, 8.5, 10], "texture": "#4_1"},
				"south": {"uv": [9.5, 9, 10, 10], "texture": "#4_1"},
				"west": {"uv": [9, 9, 9.5, 10], "texture": "#4_1"},
				"up": {"uv": [9, 9, 8.5, 8.5], "texture": "#4_1"},
				"down": {"uv": [9.5, 8.5, 9, 9], "texture": "#4_1"}
			}
		},
		{
			"from": [1.40361, 5.16972, 7.75],
			"to": [2.40361, 7.66972, 9.25],
			"rotation": {"angle": -22.5, "axis": "z", "origin": [8.40361, 0.91972, 14]},
			"faces": {
				"north": {"uv": [6.5, 9, 7, 10], "texture": "#4_1"},
				"east": {"uv": [6, 9, 6.5, 10], "texture": "#4_1"},
				"south": {"uv": [7.5, 9, 8, 10], "texture": "#4_1"},
				"west": {"uv": [7, 9, 7.5, 10], "texture": "#4_1"},
				"up": {"uv": [7, 9, 6.5, 8.5], "texture": "#4_1"},
				"down": {"uv": [7.5, 8.5, 7, 9], "texture": "#4_1"}
			}
		},
		{
			"from": [-0.59639, 4.41972, 7.75],
			"to": [0.40361, 6.91972, 9.25],
			"rotation": {"angle": -22.5, "axis": "z", "origin": [8.40361, 0.91972, 14]},
			"faces": {
				"north": {"uv": [2.5, 9, 3, 10], "texture": "#4_1"},
				"east": {"uv": [2, 9, 2.5, 10], "texture": "#4_1"},
				"south": {"uv": [3.5, 9, 4, 10], "texture": "#4_1"},
				"west": {"uv": [3, 9, 3.5, 10], "texture": "#4_1"},
				"up": {"uv": [3, 9, 2.5, 8.5], "texture": "#4_1"},
				"down": {"uv": [3.5, 8.5, 3, 9], "texture": "#4_1"}
			}
		},
		{
			"from": [7, 10, 8],
			"to": [9, 11, 9],
			"rotation": {"angle": 0, "axis": "y", "origin": [8, 8, 14]},
			"faces": {
				"north": {"uv": [7, 8, 8, 8.5], "texture": "#4_1"},
				"east": {"uv": [6.5, 8, 7, 8.5], "texture": "#4_1"},
				"south": {"uv": [8.5, 8, 9.5, 8.5], "texture": "#4_1"},
				"west": {"uv": [8, 8, 8.5, 8.5], "texture": "#4_1"},
				"up": {"uv": [8, 8, 7, 7.5], "texture": "#4_1"},
				"down": {"uv": [9, 7.5, 8, 8], "texture": "#4_1"}
			}
		},
		{
			"from": [6.56434, 9.8698, 8.004],
			"to": [8.06434, 10.8698, 8.996],
			"rotation": {"angle": -45, "axis": "z", "origin": [7.93934, 7.9948, 14]},
			"faces": {
				"north": {"uv": [10, 8, 10.5, 8.5], "texture": "#4_1"},
				"east": {"uv": [9.5, 8, 10, 8.5], "texture": "#4_1"},
				"south": {"uv": [11, 8, 11.5, 8.5], "texture": "#4_1"},
				"west": {"uv": [10.5, 8, 11, 8.5], "texture": "#4_1"},
				"up": {"uv": [10.5, 8, 10, 7.5], "texture": "#4_1"},
				"down": {"uv": [11, 7.5, 10.5, 8], "texture": "#4_1"}
			}
		},
		{
			"from": [10.81218, 12.92525, 8.004],
			"to": [12.31218, 13.92525, 8.996],
			"rotation": {"angle": 45, "axis": "z", "origin": [13.18718, 6.05025, 14]},
			"faces": {
				"north": {"uv": [0.5, 10, 1, 10.5], "texture": "#4_1"},
				"east": {"uv": [0, 10, 0.5, 10.5], "texture": "#4_1"},
				"south": {"uv": [1.5, 10, 2, 10.5], "texture": "#4_1"},
				"west": {"uv": [1, 10, 1.5, 10.5], "texture": "#4_1"},
				"up": {"uv": [1, 10, 0.5, 9.5], "texture": "#4_1"},
				"down": {"uv": [1.5, 9.5, 1, 10], "texture": "#4_1"}
			}
		}
	],
	"display": {
		"thirdperson_righthand": {
			"rotation": [0, -90, 0],
			"translation": [0, 1.5, -2]
		},
		"thirdperson_lefthand": {
			"rotation": [0, 90, 0],
			"translation": [-1, 1.5, -2]
		},
		"firstperson_righthand": {
			"rotation": [0, -90, 0],
			"translation": [0, 1.5, -2]
		},
		"firstperson_lefthand": {
			"rotation": [0, 90, 0],
			"translation": [-1, 1.5, -2]
		},
		"ground": {
			"rotation": [90, 0, 0],
			"translation": [0, -2.25, 0]
		},
		"gui": {
			"rotation": [21, -39, 0],
			"translation": [0.75, 0.25, 0],
			"scale": [0.85, 0.85, 0.85]
		},
		"head": {
			"rotation": [0, -90, 0],
			"translation": [0, 1.5, -2]
		},
		"fixed": {
			"translation": [0, 0, -0.25]
		}
	},
	"groups": [
		{
			"name": "battery",
			"origin": [8, 8, 8],
			"children": [0, 1, 2, 3, 4, 5]
		},
		{
			"name": "laser_gun4",
			"origin": [8, 8, 8],
			"children": [
				{
					"name": "group",
					"origin": [13.18718, 6.05025, 8],
					"children": [6, 7, 8, 9, 10, 11, 12, 13, 14, 15, 16, 17, 18, 19, 20, 21, 22, 23, 24]
				}
			]
		}
	]
}