{
	"credit": "By Limonchik_",
	"textures": {
		"0": "item/battery",
		"particle": "item/battery"
	},
	"elements": [
		{
			"from": [6, 0, 6],
			"to": [9, 8, 11],
			"faces": {
				"north": {"uv": [9.5, 0, 11, 4], "texture": "#0"},
				"east": {"uv": [0, 2.5, 2.5, 6.5], "texture": "#0"},
				"south": {"uv": [9.5, 0, 11, 4], "texture": "#0"},
				"west": {"uv": [4, 2.5, 6.5, 6.5], "texture": "#0"},
				"up": {"uv": [4, 2.5, 2.5, 0], "texture": "#0"},
				"down": {"uv": [5.5, 0, 4, 2.5], "texture": "#0"}
			}
		},
		{
			"from": [6.5, 7.5, 7.5],
			"to": [8.5, 8.5, 9.5],
			"faces": {
				"north": {"uv": [6.5, 1, 7.5, 1.5], "texture": "#0"},
				"east": {"uv": [5.5, 1, 6.5, 1.5], "texture": "#0"},
				"south": {"uv": [8.5, 1, 9.5, 1.5], "texture": "#0"},
				"west": {"uv": [7.5, 1, 8.5, 1.5], "texture": "#0"},
				"up": {"uv": [7.5, 1, 6.5, 0], "texture": "#0"},
				"down": {"uv": [8.5, 0, 7.5, 1], "texture": "#0"}
			}
		},
		{
			"from": [5, 0, 7],
			"to": [6, 8, 10],
			"faces": {
				"north": {"uv": [5.5, 8, 6, 12], "texture": "#0"},
				"east": {"uv": [4, 8, 5.5, 12], "texture": "#0"},
				"south": {"uv": [7.5, 8, 8, 12], "texture": "#0"},
				"west": {"uv": [9.5, 0, 11, 4], "texture": "#0"},
				"up": {"uv": [6, 8, 5.5, 6.5], "texture": "#0"},
				"down": {"uv": [6.5, 6.5, 6, 8], "texture": "#0"}
			}
		},
		{
			"from": [9, 0, 7],
			"to": [10, 8, 10],
			"faces": {
				"north": {"uv": [1.5, 8, 2, 12], "texture": "#0"},
				"east": {"uv": [9.5, 0, 11, 4], "texture": "#0"},
				"south": {"uv": [3.5, 8, 4, 12], "texture": "#0"},
				"west": {"uv": [2, 8, 3.5, 12], "texture": "#0"},
				"up": {"uv": [2, 8, 1.5, 6.5], "texture": "#0"},
				"down": {"uv": [2.5, 6.5, 2, 8], "texture": "#0"}
			}
		}
	],
	"display": {
		"thirdperson_righthand": {
			"translation": [0, 3, 1],
			"scale": [0.55, 0.55, 0.55]
		},
		"thirdperson_lefthand": {
			"translation": [0, 3, 1],
			"scale": [0.55, 0.55, 0.55]
		},
		"firstperson_righthand": {
			"rotation": [19.75, -90, 25],
			"translation": [1.13, 4.95, 0.63],
			"scale": [0.68, 0.68, 0.68]
		},
		"firstperson_lefthand": {
			"rotation": [19.75, -90, 25],
			"translation": [1.13, 4.95, -0.12],
			"scale": [0.68, 0.68, 0.68]
		},
		"ground": {
			"translation": [0, 0.5, 0],
			"scale": [0.5, 0.5, 0.5]
		},
		"gui": {
			"rotation": [30, 225, 0],
			"translation": [0, 3.5, 0],
			"scale": [1.1, 1.1, 1.1]
		},
		"head": {
			"rotation": [0, 180, 0],
			"translation": [0, 13, 7]
		},
		"fixed": {
			"rotation": [0, 180, 0],
			"translation": [0, 4, 0]
		}
	}
}