{
	"credit": "By Limonchik_",
	"texture_size": [64, 64],
	"textures": {
		"0": "item/night_vision_helmet",
		"particle": "item/night_vision_helmet"
	},
	"elements": [
		{
			"from": [-1, 11, 14],
			"to": [16, 14, 16],
			"rotation": {"angle": 0, "axis": "y", "origin": [8, 20, 7]},
			"faces": {
				"north": {"uv": [4.5, 0.5, 8.75, 1.25], "texture": "#0"},
				"east": {"uv": [4, 0.5, 4.5, 1.25], "texture": "#0"},
				"south": {"uv": [9.25, 0.5, 13.5, 1.25], "texture": "#0"},
				"west": {"uv": [8.75, 0.5, 9.25, 1.25], "texture": "#0"},
				"up": {"uv": [8.75, 0.5, 4.5, 0], "texture": "#0"},
				"down": {"uv": [13, 0, 8.75, 0.5], "texture": "#0"}
			}
		},
		{
			"from": [14, 11, 2],
			"to": [16, 14, 14],
			"rotation": {"angle": 0, "axis": "y", "origin": [24, 20, 7]},
			"faces": {
				"north": {"uv": [3, 6.75, 3.5, 7.5], "texture": "#0"},
				"east": {"uv": [0, 6.75, 3, 7.5], "texture": "#0"},
				"south": {"uv": [6.5, 6.75, 7, 7.5], "texture": "#0"},
				"west": {"uv": [3.5, 6.75, 6.5, 7.5], "texture": "#0"},
				"up": {"uv": [3.5, 6.75, 3, 3.75], "texture": "#0"},
				"down": {"uv": [4, 3.75, 3.5, 6.75], "texture": "#0"}
			}
		},
		{
			"from": [-1, 11, 0],
			"to": [16, 14, 2],
			"rotation": {"angle": 0, "axis": "y", "origin": [8, 20, -8]},
			"faces": {
				"north": {"uv": [4.5, 4.5, 8.75, 5.25], "texture": "#0"},
				"east": {"uv": [4, 4.5, 4.5, 5.25], "texture": "#0"},
				"south": {"uv": [9.25, 4.5, 13.5, 5.25], "texture": "#0"},
				"west": {"uv": [8.75, 4.5, 9.25, 5.25], "texture": "#0"},
				"up": {"uv": [8.75, 4.5, 4.5, 4], "texture": "#0"},
				"down": {"uv": [13, 4, 8.75, 4.5], "texture": "#0"}
			}
		},
		{
			"from": [-1, 11, 2],
			"to": [1, 14, 14],
			"rotation": {"angle": 0, "axis": "y", "origin": [8, 20, 7]},
			"faces": {
				"north": {"uv": [3, 3, 3.5, 3.75], "texture": "#0"},
				"east": {"uv": [0, 3, 3, 3.75], "texture": "#0"},
				"south": {"uv": [6.5, 3, 7, 3.75], "texture": "#0"},
				"west": {"uv": [3.5, 3, 6.5, 3.75], "texture": "#0"},
				"up": {"uv": [3.5, 3, 3, 0], "texture": "#0"},
				"down": {"uv": [4, 0, 3.5, 3], "texture": "#0"}
			}
		},
		{
			"from": [2, 6, -9],
			"to": [6, 10, 0],
			"rotation": {"angle": 0, "axis": "y", "origin": [10, 14, 6]},
			"faces": {
				"north": {"uv": [7, 7.5, 8, 8.5], "texture": "#0"},
				"east": {"uv": [4.75, 7.5, 7, 8.5], "texture": "#0"},
				"south": {"uv": [10.25, 7.5, 11.25, 8.5], "texture": "#0"},
				"west": {"uv": [8, 7.5, 10.25, 8.5], "texture": "#0"},
				"up": {"uv": [8, 7.5, 7, 5.25], "texture": "#0"},
				"down": {"uv": [9, 5.25, 8, 7.5], "texture": "#0"}
			}
		},
		{
			"from": [9, 6, -9],
			"to": [13, 10, 0],
			"rotation": {"angle": 0, "axis": "y", "origin": [17, 14, 6]},
			"faces": {
				"north": {"uv": [2.25, 9.75, 3.25, 10.75], "texture": "#0"},
				"east": {"uv": [0, 9.75, 2.25, 10.75], "texture": "#0"},
				"south": {"uv": [5.5, 9.75, 6.5, 10.75], "texture": "#0"},
				"west": {"uv": [3.25, 9.75, 5.5, 10.75], "texture": "#0"},
				"up": {"uv": [3.25, 9.75, 2.25, 7.5], "texture": "#0"},
				"down": {"uv": [4.25, 7.5, 3.25, 9.75], "texture": "#0"}
			}
		},
		{
			"from": [5, 8, -7],
			"to": [10, 11, -2],
			"rotation": {"angle": 0, "axis": "y", "origin": [14, 18, 3]},
			"faces": {
				"north": {"uv": [8.25, 2.5, 9.5, 3.25], "texture": "#0"},
				"east": {"uv": [7, 2.5, 8.25, 3.25], "texture": "#0"},
				"south": {"uv": [10.75, 2.5, 12, 3.25], "texture": "#0"},
				"west": {"uv": [9.5, 2.5, 10.75, 3.25], "texture": "#0"},
				"up": {"uv": [9.5, 2.5, 8.25, 1.25], "texture": "#0"},
				"down": {"uv": [10.75, 1.25, 9.5, 2.5], "texture": "#0"}
			}
		},
		{
			"from": [6.5, 11, -6],
			"to": [8.5, 12, -1],
			"rotation": {"angle": -22.5, "axis": "x", "origin": [7.5, 11, -3]},
			"faces": {
				"north": {"uv": [7.75, 10.25, 8.25, 10.5], "texture": "#0"},
				"east": {"uv": [6.5, 10.25, 7.75, 10.5], "texture": "#0"},
				"south": {"uv": [9.5, 10.25, 10, 10.5], "texture": "#0"},
				"west": {"uv": [8.25, 10.25, 9.5, 10.5], "texture": "#0"},
				"up": {"uv": [8.25, 10.25, 7.75, 9], "texture": "#0"},
				"down": {"uv": [8.75, 9, 8.25, 10.25], "texture": "#0"}
			}
		},
		{
			"from": [5, 11.5, -2],
			"to": [10, 13.5, 0],
			"rotation": {"angle": 0, "axis": "y", "origin": [13, 20.5, 7]},
			"faces": {
				"north": {"uv": [12.5, 2, 13.75, 2.5], "texture": "#0"},
				"east": {"uv": [12, 2, 12.5, 2.5], "texture": "#0"},
				"south": {"uv": [14.25, 2, 15.5, 2.5], "texture": "#0"},
				"west": {"uv": [13.75, 2, 14.25, 2.5], "texture": "#0"},
				"up": {"uv": [13.75, 2, 12.5, 1.5], "texture": "#0"},
				"down": {"uv": [15, 1.5, 13.75, 2], "texture": "#0"}
			}
		},
		{
			"from": [6, 14, 0],
			"to": [9, 16, 16],
			"rotation": {"angle": 0, "axis": "y", "origin": [15, 22, 8]},
			"faces": {
				"north": {"uv": [4, 14.75, 4.75, 15.25], "texture": "#0"},
				"east": {"uv": [0, 14.75, 4, 15.25], "texture": "#0"},
				"south": {"uv": [8.75, 14.75, 9.5, 15.25], "texture": "#0"},
				"west": {"uv": [4.75, 14.75, 8.75, 15.25], "texture": "#0"},
				"up": {"uv": [4.75, 14.75, 4, 10.75], "texture": "#0"},
				"down": {"uv": [5.5, 10.75, 4.75, 14.75], "texture": "#0"}
			}
		}
	],
	"display": {
		"thirdperson_righthand": {
			"rotation": [0, 1, 0],
			"translation": [0, -2.75, 2.75],
			"scale": [0.4, 0.4, 0.4]
		},
		"thirdperson_lefthand": {
			"rotation": [0, 1, 0],
			"translation": [0, -2.75, 2.75],
			"scale": [0.4, 0.4, 0.4]
		},
		"firstperson_righthand": {
			"translation": [-1.25, 1.25, 2.5],
			"scale": [0.4, 0.4, 0.4]
		},
		"firstperson_lefthand": {
			"translation": [-1.25, 1.25, 2.5],
			"scale": [0.4, 0.4, 0.4]
		},
		"ground": {
			"translation": [0, -0.75, 0],
			"scale": [0.4, 0.4, 0.4]
		},
		"gui": {
			"rotation": [30, 225, 0],
			"translation": [-1.25, -0.25, 0],
			"scale": [0.5, 0.5, 0.5]
		},
		"head": {
			"translation": [0.25, 0.25, 0.25]
		},
		"fixed": {
			"translation": [0, -3, 0]
		}
	}
}