{
    "providers": [
        {
            "type": "bitmap",
            "file": "minecraft:font/prefix/spectator.png",
            "ascent": 7,
            "height": 8,
            "chars": [""]
        },
        {
            "type": "bitmap",
            "file": "minecraft:font/prefix/hunter.png",
            "ascent": 7,
            "height": 8,
            "chars": [""]
        },
        {
            "type": "bitmap",
            "file": "minecraft:font/prefix/survivor.png",
            "ascent": 7,
            "height": 8,
            "chars": [""]
        },
        {
            "type": "bitmap",
            "file": "minecraft:font/prefix/found.png",
            "ascent": 7,
            "height": 8,
            "chars": [""]
        },
        {
            "type": "bitmap",
            "file": "minecraft:font/prefix/spawn.png",
            "ascent": 7,
            "height": 8,
            "chars": [""]
        }
    ]
}